Dan,Mia,Quote,Author
1/27/2023,9/26/2021,"One of the saddest lessons of history is this: If we’ve been bamboozled long enough, we tend to reject any evidence of the bamboozle. We’re no longer interested in finding out the truth. The bamboozle has captured us. It’s simply too painful to acknowledge, even to ourselves, that we’ve been taken. Once you give a charlatan power over you, you almost never get it back.",Carl Sagan
9/9/2022,9/14/2019,"""Thousands of candles can be lighted from a single candle, and the life of the candle will not be shortened. Happiness never decreases by being shared.""",-Buddha
9/2/2022,9/15/2019,"""If a man walks in the woods for love of them half of each day, he is in danger of being regarded as a loafer. But if he spends his days as a speculator, shearing off those woods and making the earth bald before her time, he is deemed an industrious and enterprising citizen.""",-Henry David Thoreau
10/19/2022,9/16/2019,"""If we knew what it was we were doing, it would not be called research, would it?"".",-Albert Einstein
8/27/2022,9/17/2019,"""I never avoid something that challenges my guts and my heart. While I might occasionally puke my guts out, I have never puked my heart out.""",-Michael Scott
11/2/2022,9/19/2019,"""Do the one thing you think you cannot do. Fail at it. Try again. Do better the second time. The only people who never tumble are those who never mount the high wire. This is your moment. Own it.""",-Oprah Winfrey
8/30/2022,9/20/2019,"""Obstacles are things a person sees when he takes his eyes off his goal.""",-E. Joseph Cossman
10/3/2022,9/21/2019,"“To succeed in life, you need three things: a wishbone, a backbone and a funny bone.”",-Reba McEntire
9/1/2022,9/22/2019,"""Where we love is home - home that our feet may leave, but not our hearts.""","-Oliver Wendell Holmes, Sr."
9/11/2023,9/23/2019,"""Live as brave men; and if fortune is adverse, front its blows with brave hearts.""",-Marcus Tullius Cicero
10/5/2022,9/24/2019,"""The essential conditions of everything you do must be choice, love, passion.""",-Nadia Boulanger
11/18/2022,9/25/2019,"""What gets us into trouble is not what we don't know. It's what we know for sure that just ain't so.”",-Mark Twain
4/19/2024,9/26/2019,"""Too low they build, who build beneath the stars.""",-Edward Young
8/29/2022,9/27/2019,"""The mark of higher education isn't the knowledge you accumulate in your head. It's the skills you gain about how to learn.""",-Adam Grant
11/7/2022,9/28/2019,“First forget inspiration. Habit is more dependable. Habit will sustain you whether you’re inspired or not. Habit will help you finish and polish your stories. Inspiration won’t. Habit is persistence in practice.”,-Octavia E. Butler
3/8/2023,9/29/2019,"""No chaos, no creation. Evidence: the kitchen at mealtime.""",-Mason Cooley
10/14/2022,9/30/2019,"""It is eerie how such current American retribalization resembles the collapse of Rome, as Goths, Huns and Vandals all squabbled among one another for what was left of 1,200 years of Roman citizenship — eager to destroy what they could neither create nor emulate.""",-Victor Davis Hanson
2/9/2023,10/1/2019,"""Always do whatever's next.""",-George Carlin
9/3/2022,10/2/2019,"""Everyone knows what a curve is, until he has studied enough mathematics to become confused through the countless number of possible exceptions.""",-Felix Klein
10/18/2022,10/3/2019,"""It is not the critic who counts; not the man who points out how the strong man stumbles, or where the doer of deeds could have done them better. The credit belongs to the man who is actually in the arena, whose face is marred by dust and sweat and blood; who strives valiantly; . . . who at best knows in the end the triumph of high achievement, and who at worst, if he fails, at least fails while daring greatly.""",-Theodore Roosevelt
10/4/2022,10/4/2019,"""Be more concerned with your character than your reputation, because your character is what you really are, while your reputation is merely what others think you are.""",-John Wooden
3/12/2023,10/5/2019,"“One of the most important reasons for studying history is that virtually every stupid idea that is in vogue today has been tried before and proved disastrous before, time and again.”",-Thomas Sowell
12/12/2023,10/5/2019,"""The Constitution cannot protect you, if you don't protect the Constitution with your votes against anyone who violates it. Those government officials who want more power are not going to stop unless they get stopped.""",-Thomas Sowell
8/28/2022,10/6/2019,"""Most folks are as happy as they make up their minds to be.""",-Abraham Lincoln
9/24/2022,10/7/2019,“Nothing would be done at all if one waited until one could do it so well that no one could find fault with it.”,-John Henry Newman
8/31/2022,10/8/2019,"""When I was 5 years old, my mother always told me that happiness was the key to life. When I went to school, they asked me what I wanted to be when I grew up. I wrote down ‘happy’. They told me I didn’t understand the assignment, and I told them they didn’t understand life.""",-John Lennon
11/12/2023,10/9/2019,"""Every time something really bad happens, people cry out for safety, and the government answers by taking rights away from good people.""",-Penn Jillette
10/8/2022,10/10/2019,"""Once you carry your own water, you will learn the value of every drop.""",-Unknown
3/2/2026,10/11/2019,"""When you're happy you enjoy the music, but when you're sad you understand the lyrics.""",-Frank Ocean
9/11/2022,10/12/2019,"“Happiness is having a large, loving, caring, close-knit family in another city.”",-George Burns
11/13/2022,10/13/2019,"""All happy people are grateful. Ungrateful people cannot be happy. We tend to think that being unhappy leads people to complain, but it’s truer to say that complaining leads to people becoming unhappy.""",-Dennis Prager
10/20/2022,10/14/2019,"""I want you to know it's okay if you only save one person, and it's okay if that person is you.""",-Maria Sun (Barnard class of 2018)
9/6/2022,10/15/2019,"""The time you enjoy wasting is not wasted time.""",-Bertrand Russell
,10/16/2019,"""Democracy and liberty are not the same. Democracy is little more than mob rule, while liberty refers to the sovereignty of the individual.""",-Walter E. Williams
11/5/2022,10/17/2019,"""Prove all things: hold fast that which is good.""",-Thessalonians 5:21
12/4/2022,10/18/2019,"""Happiness is not so much in having as sharing. We make a living by what we get, but we make a life by what we give.""",-Norman MacEwen
11/12/2022,10/19/2019,"""The art of living does not consist in preserving and clinging to a particular mode of happiness, but in allowing happiness to change its form without being disappointed by the change; happiness, like a child, must be allowed to grow up.""",-Charles Morgan
10/19/2025,10/20/2019,"""Don't cry because it's over. Smile because it happened.""",-Dr. Seuss
3/4/2023,10/21/2019,"""Do not look where you fell, but where you slipped.""",-African Proverb
3/8/2024,10/22/2019,"""If you want to go quickly, go alone. If you want to go far, go together.""",-African Proverb
4/2/2024,10/23/2019,"""A small house will hold a hundred friends.""",-African Proverb
,10/24/2019,"""When two elephants fight, it is the grass that gets trampled.""",-African Proverb
12/6/2022,10/25/2019,"""To try and to fail is not laziness.""",-African Proverb
9/12/2023,10/26/2019,"""Seeing is different than being told.""",-African Proverb
,10/27/2019,"""No matter how beautiful and well crafted a coffin might look, it will not make anyone wish for death.""",-African Proverb
9/8/2022,10/28/2019,"“Maybe I won’t get sick,” I whisper. “That’s right,” she says, and hope spreads through me like a virus.”",-Nicola Yoon
2/17/2023,10/29/2019,"""Tolerance implies no lack of commitment to one's own beliefs. Rather it condemns the oppression or persecution of others.""",-John F. Kennedy
11/14/2022,10/30/2019,"""Any number you can fit on a whiteboard basically rounds down to zero.""",-Randall Monroe
,10/31/2019,"""If ever there was a holiday that deserves to be commercialized, it's Halloween. We haven't taken it away from kids. We've just expanded it so that the kid in adults can enjoy it, too.""",-Cassandra Peterson
11/16/2022,11/1/2019,"""If it weren't for physics and law enforcement, I'd be unstoppable.""",-Darynda Jones
12/9/2025,11/6/2019,"""The highest form of ignorance is when you reject something you don't know anything about.""",-Wayne Dyer
11/20/2022,11/7/2019,"""You cannot create experience, you must undergo it.""",-Albert Camus
,11/8/2019,"""Best of luck, sweetie!""",-Dad
12/1/2025,11/9/2019,"""When the past no longer illuminates the future, the spirit walks in darkness.""",-Alexis de Tocqueville
3/9/2025,11/10/2019,"""You must judge a man by the work of his hands.""",-African Proverb
1/25/2023,11/11/2019,"""A human being should be able to change a diaper, plan an invasion, butcher a hog, conn a ship, design a building, write a sonnet, balance accounts, build a wall, set a bone, comfort the dying, take orders, give orders, cooperate, act alone, solve equations, analyze a new problem, pitch manure, program a computer, cook a tasty meal, fight efficiently, die gallantly. Specialization is for insects.""",-Robert A. Heinlein
,11/12/2019,"""We'll know our disinformation plan is complete when everything the American public believes is false.""","-William Casey (CIA director, 1981 - Project Mockingbird)"
,11/13/2019,"""As Alexander Hamilton said in 'The Federalist Papers,' law is about the exercise of judgment and not will. Judicial activism is best understood as substituting judicial opinion for the command of law. The law is not an infinitely malleable tool.""",-Edwin Meese
2/29/2024,11/14/2019,"""The will to win, the desire to succeed, the urge to reach your full potential... these are the keys that will unlock the door to personal excellence.""",-Confucius
11/19/2022,11/15/2019,"“A lie doesn't become truth, wrong doesn't become right, and evil doesn't become good, just because it's accepted by a majority.”",-Booker T. Washington
5/6/2024,11/16/2019,"""I started reading about people of great accomplishment... and it dawned on me suddenly that the person who has the most to do with what happens in your life is you.""",-Ben Carson
4/2/2023,11/17/2019,“The price of apathy towards public affairs is to be ruled by evil men.”,-Plato
7/26/2024,11/18/2019,"""The truth comes as conqueror only because we have lost the art of receiving it as guest.""",-Rabindranath Tagore
10/27/2024,11/19/2019,"“Let them judge you.
Let them misunderstand you.
Let them gossip about you.
Their opinions aren’t your problem.
You stay kind, committed to love,
and free in your authenticity.
No matter what they do or say,
don’t you dare doubt your worth
or the beauty of your truth.
Just keep on shining like you do.”",-Scott Stabile
3/2/2023,11/20/2019,"“The way I see it, every life is a pile of good things and bad things. The good things don’t always soften the bad things, but vice versa, the bad things don’t always spoil the good things and make them unimportant.”",-The Doctor
11/21/2022,11/21/2019,"""The harder I work, the luckier I get.""",-Gary Player
,11/22/2019,"""We must reject the idea that every time a law's broken, society is guilty rather than the lawbreaker. It is time to restore the American precept that each individual is accountable for his actions.""",-Ronald Reagan
5/18/2023,11/23/2019,"“The greatest enemy of knowledge is not ignorance, it is the illusion of knowledge.”",-Daniel J. Boorstin
3/10/2025,11/24/2019,"“We cannot negotiate with people who say what's mine is mine and what's yours is negotiable.""",-John F. Kennedy
9/4/2022,11/25/2019,"""Challenges are what make life interesting and overcoming them is what makes life meaningful.""",-Joshua J. Marine
11/28/2022,12/2/2019,"""Kindness is like snow-it beautifies everything it covers.""",-Croft M. Pentz
,12/3/2019,"""A judicial activist is a judge who interprets the Constitution to mean what it would have said if he, instead of the Founding Fathers, had written it.""",-Sam Erving
10/23/2022,12/4/2019,"""Scientists are explorers. Philosophers are tourists.""",-Richard P. Feynman
11/15/2022,12/5/2019,"""Go where you're celebrated, not tolerated.""",-Kid Rock
4/3/2023,12/6/2019,"""I would be most content if my children grew up to be the kind of people who think decorating consists mostly of building enough bookshelves.""",-Anna Quindlen
,12/7/2019,"""If your answer to every failure of government is more government, you're an alcoholic trying to drink yourself sober.""",-Will Spencer
10/21/2022,12/8/2019,"""The best time to plant a tree is twenty years ago. The second best time is now.”",-Chinese Proverb
7/27/2024,12/9/2019,"""Things do not happen. Things are made to happen.""",-John F. Kennedy
4/6/2023,12/10/2019,"""Secrecy is the keystone to all tyranny. Not force, but secrecy and censorship. When any government or church for that matter, undertakes to say to its subjects, ""This you may not read, this you must not know,"" the end result is tyranny and oppression, no matter how holy the motives. Mighty little force is needed to control a man who has been hoodwinked in this fashion; contrariwise, no amount of force can control a free man, whose mind is free. No, not the rack nor the atomic bomb, not anything. You can't conquer a free man; the most you can do is kill him.""",-Robert A. Heinlein
10/22/2022,12/11/2019,"""A ship in harbor is safe, but that is not why ships are built.""",-John A. Shedd
3/4/2024,12/13/2019,"“Grief is like the ocean; it comes on waves ebbing and flowing. Sometimes the water is calm, and sometimes it is overwhelming. All we can do is learn to swim.”",-Vicki Harrison
12/5/2023,12/14/2019,"""I was in darkness, but I took three steps and found myself in paradise. The first step was a good thought, the second, a good word; and the third, a good deed.""",-Friedrich Nietzsche
3/13/2025,12/15/2019,"“We should always allow some time to elapse, for time discloses the truth.""",-Seneca
4/14/2024,12/16/2019,"""One: Pursue the truth
Two: Learn something new
Three: Accept yourself and you’ll accept others too!
Four: Let love shine
Five: Let pride be your guide
Six: Change the world when you change your mind!
Just be. Who you wanna be.
Never let them tell you who you oughta be.
Just be. With dignity.
Celebrate yourself triumphantly.""","-Kinky Boots, Raise You Up"
10/5/2024,1/23/2020,"“There is a sacredness in tears. They’re not the mark of weakness, but of power. They speak more eloquently than ten thousand tongues. They’re the messengers of overwhelming grief, of deep contrition, and of unspeakable love.”",-Washington Irving
11/4/2023,1/24/2020,"“There are no happy endings. Endings are the saddest part, So just give me a happy middle And a very happy start.”",-Shel Silverstein
4/19/2025,1/25/2020,"""Failure is simply the opportunity to begin again, this time more intelligently.""",-Henry Ford
3/13/2023,1/26/2020,"""About all you can do in life is be who you are. Some people will love you for you. Most will love you for what you can do for them, and some won't like you at all.""",-Rita Mae Brown
12/6/2023,1/27/2020,Να είσαι καλύτερος άνθρωπος από τον πατέρα σου,
4/3/2024,1/28/2020,“What we have once enjoyed deeply we can never lose. All that we love deeply becomes a part of us.”,-Helen Keller
,1/29/2020,,-Alexis de Tocqueville
12/16/2025,1/30/2020,"“The purpose of life is to live it, to taste experience to the utmost, to reach out eagerly and without fear for newer and richer experience.”",-Eleanor Roosevelt
9/9/2023,1/31/2020,"""But I will tell you also what I do not fear. I do not fear to be alone or to be spurned for another or to leave whatever I have to leave. And I am not afraid to make a mistake, even a great mistake, a lifelong mistake and perhaps as long as eternity too.”",-James Joyce
,2/1/2020,"""Be who you are and say what you feel, because those who mind don’t matter and those who matter don’t mind.""",-Bernard Baruch
3/31/2025,2/2/2020,"""Life is like a box of chocolates. You never know what you're gonna get.""",-Forrest Gump
4/1/2025,2/3/2020,"""Life is like a box of chocolates. A cheap, thoughtless, perfunctoral gift that no one ever asks for. Unreturnable because all you get back is another box of chocolates. So, you're stuck with mostly undefinable whipped mint crap, mindlessly wolfed down when there's nothing else to eat while you're watching the game. Sure, once in a while you get a peanut butter cup or an English toffee but it's gone too fast and the taste is fleeting. In the end, you're left with nothing but broken bits filled with hardened jelly and teeth shattering nuts, which if you are desperate enough to eat leaves nothing but an empty box of useless brown paper wrappers.""","-The Cigarette Smoking Man, X-Files"
,2/4/2020,"""Experience should teach us to be most on our guard to protect liberty when the Government's purposes are beneficent. Men born to freedom are naturally alert to repel invasion of their liberty by evil-minded rulers. The greatest dangers to liberty lurk in the insidious encroachment by men of zeal, well meaning but without understanding.""",-Louis D. Brandeis
,2/5/2020,"""Journalism is about covering important stories. With a pillow, until they stop moving.”",-David Burge
12/2/2025,2/6/2020,"""To be persuasive we must be believable; to be believable we must be credible; credible we must be truthful.""",-Edward R. Murrow
,2/7/2020,"""Sometimes even I sleep in.""",-Daddy
5/3/2023,2/10/2020,"""A mistake repeated more than once is a decision.”",-Paulo Coelho
,2/11/2020,“No great mind has ever existed without a touch of madness.”,-Aristotle
12/17/2025,2/12/2020,"""Things don't happen, they are made to happen.""",-John F. Kennedy
,2/13/2020,"When you see that trading is done, not by consent, but by compulsion–when you see that in order to produce, you need to obtain permission from men who produce nothing–when you see that money is flowing to those who deal, not in goods, but in favors–when you see that men get richer by graft and by pull than by work, and your laws don’t protect you against them, but protect them against you–when you see corruption being rewarded and honesty becoming a self-sacrifice–you may know that your society is doomed.",-Ayn Rand
9/10/2023,2/14/2020,"""To be old and wise first you must be young and stupid.""",-Anonymous
3/30/2025,2/15/2020,"""We all agree that forgiveness is a beautiful idea until we have to practice it.""",-C.S. Lewis
,2/16/2020,“Dying societies accumulate laws like dying men accumulate remedies.”,-Nicolás Gómez Dávila
,2/17/2020,"""We need leaders not in love with money but in love with justice. Not in love with publicity but in love with humanity.""","-Martin Luther King, Jr."
,2/18/2020,"“Evil preaches tolerance until it is dominant, then it tries to silence good.”",-Charles J. Chaput
,2/19/2020,"""We have been conditioned to think that only politicians can solve our problems. But at some point, maybe we will wake up and recognize that it was politicians who created our problems.”",-Ben Carson
,2/20/2020,"""We know that no one ever seizes power with the intention of relinquishing it.""",-George Orwell
10/10/2024,2/21/2020,"""A sure sign of spiritual growth is when you want more freedom and less stuff.""",-Lisa Villa Prosen
4/2/2025,2/23/2020,“A lot of people are afraid to say what they want. That's why they don't get what they want.”,-Madonna
,2/24/2020,"“You are free to choose, but you are not free to alter the consequences of your decisions.”",-Ezra Taft Benson
,2/25/2020,"""We have strength for today's work. If yesterday's is added we stagger; if we try to carry tomorrow's, down we go...""",-John A. Shedd
,2/26/2020,"“If you expect the world to be fair with you because you are fair, you’re fooling yourself. That’s like expecting the lion not to eat you because you didn’t eat him.”",-Unknown
,2/26/2020,"""When someone shows you who they are, believe them the first time.""",-Maya Angelou
4/17/2025,2/28/2020,"""Rich, 'the Old Man said dreamily, 'is not baying after what you can't have. Rich is having the time to do what you want to do. Rich is a little whiskey to drink and some food to eat and a roof over your head and a fish pole and a boat and a gun and a dollar for a box of shells. Rich is not owing any money to anybody, and not spending what you haven't got.""",-Robert Ruark
,2/29/2020,"""The opposite of bravery is not cowardice but conformity.""",-Robert Anthony
,3/1/2020,"""Farming looks mighty easy when your plow is a pencil, and you're a thousand miles from the corn field.""",-Dwight D. Eisenhower
,3/2/2020,"""No one has ever become poor by giving.""",-Anne Frank
3/11/2023,3/3/2020,"""Believe in love. Believe in magic. Hell, believe in Santa Clause. Believe in others. Believe in yourself. Believe in your dreams. If you don't, who will?""",-Jon Bon Jovi
9/9/2024,3/4/2020,"""I want to be somebody’s favorite hiding place, the place they can put everything they know they need to survive, every secret, every solitude, every nervous prayer, and be absolutely certain I will keep it safe. I will keep it safe.""",-Andrea Gibson
,3/5/2020,"""Don't be pushed by your problems. Be led by your dreams.”",-Ralph Waldo Emerson
,3/6/2020,"""The shepherd does not care for his flock out of altruism.""",-Unknown
,3/7/2020,"""A man should not step one foot forth in the field without weapons. One cannot know, when on the road, when he will need his spear.""","-Havamal, stanza 38"
10/17/2024,3/9/2020,"""Then let’s look on the bright side: We’re having an adventure, and most people live and die without being as lucky as we are.""","-William Goldman, The Princess Bride"
,6/13/2020,"“I love you,” Buttercup said. “I know this must come as something of a surprise, since all I’ve ever done is scorn you and degrade you and taunt you, but I have loved you for several hours now, and every second, more. I thought an hour ago that I loved you more than any woman has ever loved a man, but a half hour after that I knew that what I felt before was nothing compared to what I felt then. But ten minutes after that, I understood that my previous love was a puddle compared to the high seas before a storm.""","-William Goldgman, The Princess Bride"
,6/14/2020,"""Everything happens for a reason. Sometimes the reason is you're stupid and make bad decisions.”",-Marion G. Harmon
4/13/2025,8/6/2020,"""When one has a great deal to put into it a day has a hundred pockets.""",-Friedrich Nietzsche
,8/7/2020,"""I hated every minute of training, but I said, 'Don't quit. Suffer now and live the rest of your life as a champion.'""",-Muhammad Ali
,8/8/2020,"“If you don't have a plan, you become part of somebody else's plan.”",-Terence McKenna
11/13/2023,9/6/2020,"""As soon as you trust yourself, you will know how to live""",Johann Wolfgang von Goethe
,9/7/2020,"""Trust, but verify""",Ronald reagan
,9/8/2020,"""Love all, trust a few, do wrong to none.”",William Shakespeare
,9/9/2020,"""Those who trust to chance must abide by the results of chance.""",Calvin Coolidge
,9/10/2020,"""Sometimes it is said than man cannot be trusted with the government of himself. Can he, then be trusted with the government of others?""",Thomas Jefferson
,9/11/2020,"""Trust your instinct to the end, though you can render no reason.""",Ralph Waldo Emerson
,9/12/2020,"""You have got to discover you, what you do, and trust it.""",Barbra Streisand
,9/13/2020,"""Diplomacy is the art of saying 'Nice doggie' until you can find a rock.""",Will Rogers
,9/14/2020,"""All of humanity's problems stem from man's inability to sit quietly in a room alone.”",Blaise Pascal
,9/15/2020,"""When you are dead, you don't know that you are dead. It is difficult only for the others. It is the same when you are Stupid.”",Unknown
,9/16/2020,"""Well-fed people have many problems, hungry people have only one.""",Chinese Proverb
,9/17/2020,"""Is life so dear or peace so sweet as to be purchased at the price of chains and slavery? Forbid it, Almighty God! I know not what course others may take, but as for me, give me liberty, or give me death!""",Patrick Henry
,9/18/2020,"""The wicked flee though no one pursues, but the righteous are as bold as a lion.""",Proverbs 28:1
4/8/2025,9/19/2020,"""The smallest minority on earth is the individual. Those who deny individual rights cannot claim to be defenders of minorities.""",Ayn Rand
,9/20/2020,"""Some people dream of success, while other people get up every morning and make it happen.""",Wayne Huizenga
,9/21/2020,"""When you write the story of your life, don’t let anyone else hold the pen”",Unknown
,9/22/2020,"""A nation which does not remember what it was yesterday, does not know what it is today, nor what it is trying to do. We are trying to do a futile thing if we do not know where we came from or what we have been about.”",Woodrow Wilson
,9/23/2020,"""Just because you’re passionate about something doesn’t mean you won’t suck at it!""",Mike Rowe
,9/24/2020,"""Labor to keep alive in your breast that little spark of celestial fire, called conscience.""",George Washington
,9/25/2020,Keep your face to the sunshine and you cannot see a shadow.,Helen Keller
,9/26/2020,"No one escapes being haunted by something that absolutely terrifies them to the core, but very few feel it's okay to admit what it is that haunts us.",Nicholas Brendon
,9/27/2020,"""There is no greater joy than that of feeling oneself a creator. The triumph of life is expressed by creation.""",Henri Bergson
,9/28/2020,"""Where there is no law, there is no liberty; and nothing deserves the name of law but that which is certain and universal in its operation upon all the members of the community.""",Benjamin Rush
,9/29/2020,"""Freedom is fragile and is never more than one generation away from extinction. It is not ours by inheritance; it must be fought for and defended constantly by each generation, for it comes only once to a people""",Ronald Reagan
,9/30/2020,"""All men by nature desire to know”",Aristotle
,10/1/2020,"The most effective way to live is as a warrior. A warrior may worry and think before making any decision, but once he makes it, he goes his way, free from worries or thoughts.",Carlos Castaneda
,4/25/2021,"""I am free, no matter what rules surround me. If I find them tolerable, I tolerate them; if I find them too obnoxious, I break them. I am free because I know that I alone am morally responsible for everything I do."" ",Robert A. Heinlein
,4/26/2021,"""Always take sides. Neutrality helps the oppressor, never the victim. Silence encourages the tormentor never the tormented.""",Elie Wiesel
,4/27/2021,"""People think of education as something they can finish.""",Isaac Asimov
11/14/2023,4/28/2021,"""In my dream, the angel shrugged and said, 'if we fail this time, it will be a failure of imagination' and then she placed the world gently in the palm of my hand.""",Brian Andreas
,4/30/2021,It's a terrible waste to be happy and not notice it.,Kurt Vonnegut
,5/1/2021,"It is vital to remember that information - in the sense of raw data - is not knowledge, that knowledge is not wisdom, and that wisdom is not foresight. But information is the first essential step to all of these.",Arthur C. Clarke
,5/2/2021,"""Life is a cruel teacher. She gives you the test first, and the lesson later.""",Daymond John
,5/3/2021,"""All the great things are simple, and many can be expressed in a single word: freedom, justice, honor, duty, mercy, hope.""",Winston Churchill
,5/4/2021,"""The Christian shoemaker does his duty not by putting little crosses on the shoes, but by making good shoes, because God is interested in good craftsmanship.""",Martin Luther
,5/5/2021,"""As to the evil which results from a censorship, it is impossible to measure it, for it is impossible to tell where it ends.""",Jeremy Bentham
3/2/2024,5/5/2021,"""Birds born in a cage think flying is an illness.""",Alejandro Jodorowsky
3/3/2024,5/6/2021,"""The forest was shrinking but the trees kept voting for the axe, for the axe was clever and convinced the trees that because his handle was made of wood he was one of them.""",Turkish Proverb
,5/7/2021,"""It's hard to win an argument with a smart person, but it's damn near impossible to with an argument with a stupid person.""",Bill Murray
,5/8/2021,"""The most improper job of any man, even saints, is bossing other men. Not one in a million is fit for it, and least of all those who seek the opportunity.""",J.R.R. Tolkien
,5/9/2021,"""Work ethic is important because, unlike intelligence, athleticism, charisma, or any other natural attribute, it's a choice.""",Mike Rowe
,5/10/2021,"""Propaganda is persuading people to make up their minds while withholding some of the facts from them.""",Harold Evans
,5/11/2021,"""What you allow is what will continue.""",Unknown
,5/12/2021,"""A long habit of not thinking a thing wrong, gives it a superficial appearance of being right.""",Thomas Paine
10/6/2022,5/13/2021,"""Be polite, be professional, but have a plan to kill everybody you meet.""",James Mattis
,5/14/2021,"""Resistance to tyrants is obedience to God.""",Thomas Jefferson
,5/15/2021,"""The moment you declare a set of ideas to be immune from criticism, satire, derision, or contempt, freedom of thought becomes impossible.""",Salman Rushdie
,5/16/2021,"""In my humble opinion, those who come to engage in debates of consequence and who challenge accepted wisdom should expect to be treated badly. Nonetheless, they must stand undaunted. That is required. And that should be expected. For it is bravery that is required to secure freedom.""",Justice Clarence Thomas
,5/17/2021,"""As nightfall does not come at once, neither does oppression. In both instances, there's a twilight where everything remains seemingly unchanged, and it is in such twilight that we must be aware of change in the air, however slight, lest we become unwitting victims of the darkness.""",Justice William Orville Douglas
,5/18/2021,"""Perfection is achieved, not when there is nothing more to add, but when there is nothing left to take away.""",Antoine Saint-Exupery
,5/19/2021,“One Person Can Make A Difference and Everyone Should Try”,Jacqueline Kennedy
12/14/2023,5/20/2021,"Make time for yourself first thing each morning, because you are the most important part of your day.",Sacred Texts of Mellow
,5/21/2021,"The obedient always think about themselves as virtuous, rather than cowardly.",Robert Anton Wilson
5/6/2023,5/22/2021,"“I have always found that plans are useless, but planning is indispensable.”",General Dwight D. Eisenhower
,5/23/2021,"Be sure you put your feet in the right place, then stand firm.",Abraham Lincoln
,5/24/2021,"""When the whole world is running towards a cliff, he who is running in the opposite direction appears to have lost his mind.""",C.S. Lewis
,5/25/2021,"In life, it's important to know when to stop arguing with people and simply let them be wrong.",Unknown
,5/26/2021,The truth comes as conqueror only because we have lost the art of receiving it as guest.,Rabindranath Tagore
,5/27/2021,"I never fully understood it till my friend Professor Tolkien asked me the very simple question, ""What class of men would you expect to be most preoccupied with, and hostile to, the idea of escape?"" and gave the obvious answer: jailers.”",C.S. Lewis
,5/28/2021,"""Look at what to build instead of despairing what is broken.""",
,5/29/2021,"Today I will stop trying to control my relationships. I will participate at a reasonable level and let the other person do the same. I can let go, knowing that the relationship will find its own life-or not-and that I don't have to do all the work, only my share.",Melody Beattie
5/12/2023,6/3/2021,"People worry that computers will get too smart and take over the world, but the real problem is that they're too stupid and have already taken over the world.",Pedro Domingos
,6/4/2021,"""They tell us, sir, that we are weak; unable to cope with so formidable an adversary. But when shall we be stronger? Will it be the next week, or the next year? Will it be when we are totally disarmed?""",Patrick Henry
,6/6/2021,"""Never let the enemy choose the time and place of battle.""",Sun Tsu
,6/7/2021,"When I was a boy of fourteen, my father was so ignorant I could hardly stand to have the old man around. But when I got to be twenty-one, I was astonished at how much he had learned in seven years.",Mark Twain
5/13/2023,6/8/2021,“Continuous improvement is better than delayed perfection.”,Mark Twain
,6/9/2021,“The two most important days in your life are the day you are born and the day you find out why.”,Mark Twain
,6/10/2021,It's better to be an optimist who is sometimes wrong than a pessimist who is always right,Mark Twain
,6/11/2021,"A little more kindness, A little less speed, A little more giving, A little less greed, A little more smile, A little less frown, A little less kicking, A man while he's down, A little more ""We"", A little less ""I"", A little more laugh, A little less cry, A little more flowers, On the pathway of life, And fewer on graves, At the end of the strife.",Mark Twain
,6/12/2021,"""Life is short. Break the rules. Forgive quickly. Kiss slowly. Love truly. Laugh uncontrollably and never regret anything that makes you smile.""",Mark Twain 
,6/13/2021,"Some people bring joy wherever they go, and some people bring joy whenever they go.",Mark Twain
,6/14/2021,"""It is dangerous to be right when the government is wrong.""",Voltaire
5/16/2023,6/15/2021,"""The fool wonders, the wise man asks.""",Benjamin Disraeli
,6/16/2021,"The fastest way to become the Master of your thoughts and emotions is through challenging situations. If your life is going along fairly smoothly, there are not the same opportunities that enable you to strengthen your power and become the Master of your thoughts and emotions. You see, even challenges are beautiful opportunities in disguise.",Rhonda Byrne
,6/17/2021,"Be miserable. Or motivate yourself. Whatever has to be done, it's always your choice.",Wayne Dyer
5/15/2023,6/18/2021,"“People don’t want to hear your opinions, they want to hear their opinions repeated back to them.”",unknown
,6/19/2021,"I have a dream that one day on the red hills of Georgia, the sons of former slaves and the sons of former slave owners will be able to sit together at the table of brotherhood.","Martin Luther King, Jr."
,6/20/2021,"""until the lion learns how to write - every story will glorify the hunter.""",African proverb
,6/21/2021, “A toxic person will create drama and then portray themself as the victim.”,Syreeta Butler
,6/22/2021,"""The transformation of charity into legal entitlement has produced donors without love and recipients without gratitude.""",Justice Scalia
,6/23/2021,"""Tyranny is defined as that which is legal for the government but illegal for the citizenry.""",Thomas Jefferson
,6/24/2021,"""I realized, it is the struggle itself that is most important. We must strive to be more than we are. It does not matter that we will never reach our ultimate goal. The effort yields its own rewards.""",Lt. Cdr. Data
10/18/2025,6/25/2021,"“I don't trust people who don't love themselves and tell me, 'I love you.' There is an African saying which is: Be careful when a naked person offers you a shirt.”",Maya Angelou
,6/26/2021,"Our doubts are traitors, and make us lose the good we oft might win, by fearing to attempt.",William Shakespeare
,6/27/2021,"“A sky full of stars, and he was staring at her”",Atticus
2/1/2023,6/28/2021,"“Maybe the journey isn’t so much about becoming anything. Maybe it’s about un-becoming everything that isn’t really you, so you can be who you were meant to be in the first place”",Paul Coelho
,6/29/2021,"""The greatest crimes in the world are not committed by people breaking the rules but by people following the rules.""",Banksy
,6/30/2021,"""Quantity has a quality all its own.""",Joseph Stalin
,7/1/2021,"""The truth does not cease to be true not being recognized by many.""",Benedictus de Spinoza
,7/2/2021,"""If they stand behind you, protect them. If they stand beside you, respect them. If they stand against you, defeat them.""",Unknown
,7/3/2021,"""I don't want to be alone, I want to be left alone.""",Audrey Hepburn
,7/4/2021,"Let every nation know, whether it wishes us well or ill, that we shall pay any price, bear any burden, meet any hardship, support any friend, oppose any foe to assure the survival and the success of liberty.",John F. Kennedy
,7/5/2021,"""Liberty, once lost, is lost forever.""",John Adams
4/4/2023,7/6/2021,"""We are all born ignorant, but one must work hard to remain stupid.""",Benjamin Franklin
5/14/2023,7/15/2021,"Determine never to be idle. No person will have occasion to complain of the want of time, who never loses any. It is wonderful how much may be done, if we are always doing.",Thomas Jefferson
,7/16/2021,"Give up money, give up fame, give up science, give the earth itself and all it contains rather than do an immoral act. And never suppose that in any possible situation, or under any circumstances, it is best for you to do a dishonorable thing, however slightly so it may appear to you... From the practice of the purest virtue, you may be assured you will derive the most sublime comforts in every moment of life, and in the moment of death.",Thomas Jefferson
,7/17/2021,"No country upon earth ever had it more in its power to attain these blessings than United America. Wondrously strange, then, and much to be regretted indeed would it be, were we to neglect the means and to depart from the road which Providence has pointed us to so plainly; I cannot believe it will ever come to pass.",George Washington
12/15/2023,7/18/2021,Act as if what you do makes a difference. It does.,William James
,7/19/2021,"""Fear is a reaction. Courage is a decision.""",Winston Churchill
,7/20/2021,"""Either you think -- or else others have to think for you, pevert and discipline your natural tastes, civilize and sterilize you.""",F. Scott Fitzgerald
10/17/2022,7/21/2021,"The truth is, I pretend to be a cynic, but I am really a dreamer who is terrified of wanting something she may never get.",Joanna Hoffman
,7/22/2021,"Promise me you'll always remember: You're braver than you believe, and stronger than you seem, and smarter than you think.",A.A. Milne
4/18/2024,7/30/2021,“Good actions are a guard against the blows of adversity.”,Abu Bakr
,7/31/2021,I like to stay in a hotel where it's a dome of silence. I can sit in my room and do nothing.,Jim Gaffigan
,8/19/2021,"“No people will tamely surrender their liberties, nor can any be easily subdued, when knowledge is diffused and virtue is preserved.”",John Adams
,8/20/2021,"You let one ant stand up to us, then they all might stand up. Those puny little ants outnumber us a hundred to one. And if they ever figure that out, there goes our way of life! It's not about food. It's about keeping those ants in line.","Hopper, A Bug's Life"
10/16/2022,8/21/2021,"Your home is never just a “place”. Home are the thoughts that you hold inside your mind and cherish in your heart. You furnish it with memories of trusting friends, with people you call family and other memorable things. This way you can take them with you wherever you may go on any journey throughout your lifetime. I guess that is why they say: “Home is where the heart is.”",Brigette Nicole
9/15/2024,8/22/2021,I am not afraid of storms for I am learning how to sail my ship.,Louisa May Alcott
,8/23/2021,“Things turn out best for those who make the best of the way things turn out.”,John Wooden
,8/24/2021,“Doubt kills more dreams than failure ever will.”,Suzy Kassem
,8/25/2021,"some people's idea of it is that they are free to say what they like, but if anyone else says anything back, that is an outrage.”",Winston Churchill
4/5/2023,8/26/2021,I am not a product of my circumstances. I am a product of my decisions.,Stephen Covey
,8/27/2021,"I do not choose to be a common man. It is my right to be uncommon. I seek to develop whatever talents God gave me—not security. I do not wish to be a kept citizen, humbled and dulled by having the state look after me. I want to take the calculated risk; to dream and to build, to fail and to succeed. I refuse to barter incentive for a dole. I prefer the challenges of life to the guaranteed existence; the thrill of fulfillment to the stale calm of utopia. I will not trade freedom for beneficence nor my dignity for a handout. I will never cower before any earthly master nor bend to any threat. It is my heritage to stand erect, proud and unafraid; to think and act myself, enjoy the benefit of my creations and to face the world boldly and say – 'This, with God's help, I have done.' All this is what it means to be an American.","Dean Alfange, An American's Creed"
9/16/2024,8/28/2021,"""Wisdom is what's left after we've run out of personal opinions.""",Cullen Hightower
,8/29/2021,The best preparation for good work tomorrow is to do good work today.,Elbert Hubbard
12/2/2023,8/30/2021,"Whatever it takes to finish things, finish. You will learn more from a glorious failure than you ever will from something you never finished.",Neil Gaiman
,9/1/2021,"Fiction gives us empathy: it puts us inside the minds of other people, gives us the gifts of seeing the world through their eyes. Fiction is a lie that tells us true things, over and over.",Neil Gaiman
3/3/2023,9/2/2021,"Go, and make interesting mistakes, make amazing mistakes, make glorious and fantastic mistakes. Break rules. Leave the world more interesting for your being here.",Neil Gaiman
,9/3/2021,"People who believe they'll be happy if they go and live somewhere else, learn it doesn't work that way. Wherever you go, you take yourself with you.",Neil Gaiman
2/24/2023,9/4/2021,There should be confetti in tires so when there is a blow out it's still kind of an okay day,r/Showerthoughts
4/17/2024,9/5/2021,"Being brave doesn't mean you aren't scared. Being brave means you are scared, really scared, badly scared, and you do the right thing anyway.",Neil Gaiman
,9/6/2021,The third-rate mind is only happy when it is thinking with the majority. The second-rate mind is only happy when it is thinking with the minority. The first-rate mind is only happy when it is thinking.,A.A. Milne
,9/7/2021,Never feel sorry for raising dragon-slayers in a time when there are actual dragons.,Unknown
,9/8/2021,"""Neither the wisest constitution nor the wisest laws will secure the liberty and happiness of a people whose manners are univerally corrupt.""",Samuel Adams
,9/9/2021,"May your coming year be filled with magic and dreams and good madness. I hope you read some fine books and kiss someone who thinks you're wonderful, and don't forget to make some art -- write or draw or build or sing or live as only you can. And I hope, somewhere in the next year, you surprise yourself.",Neil Gaiman
2/19/2023,9/10/2021,Do more than belong: participate. Do more than care: help. Do more than believe: practice. Do more than be fair: be kind. Do more than forgive: forget. Do more than dream: work.,William Arthur Ward
,9/11/2021,"Let every nation know, whether it wishes us well or ill, that we shall pay any price, bear any burden, meet any hardship, support any friend, oppose any foe to assure the survival and the success of liberty.",John F. Kennedy
11/10/2023,9/12/2021,"Above all, be the heroine of your life, not the victim.",Nora Ephron
,9/13/2021,"If a political party does not have its foundation in the determination to advance a cause that is right and that is moral, then it is not a political party; it is merely a conspiracy to seize power.",Dwight D. Eisenhower
2/10/2024,9/14/2021,I am who I am. Not who you think I am. Not who you want me to be. I am me.,Brigitte Nicole
,9/15/2021,"While you're carrying a grudge, others are out dancing.",Fortune Cookie
11/11/2025,9/16/2021,"One doesn't discover new lands without consenting to lose sight, for a very long time, of the shore.",Andre Gide
11/16/2023,9/17/2021,"Choose to be optimistic, it feels better.",Dalai Lama
,9/18/2021,"Nothing is impossible, the word itself says 'I'm possible'!",Audrey Hepburn
2/11/2024,9/19/2021,"There is a time for many words, and there is also a time for sleep.",Homer
10/5/2025,9/20/2021,What we think or what we know or what we believe is in the end of little consequence. The only thing of consequence is what we do,John Ruskin
,9/21/2021,The urge to save humanity is almost always a false front for the urge to rule.,H.L. Mencken
,9/22/2021,Sometimes I wonder whether the world is being run by smart people who are putting us on or by imbeciles who really mean it.,Mark Twain
,9/23/2021,"The difficulty is not so great to die for a friend, as to find a friend worth dying for.",Homer
11/9/2023,9/24/2021,,
,9/25/2021,Some days are like that. Even in Australia.,Judith Viorst
,9/27/2021,"There are three stages in scientific discovery. First, people deny that it is true, then they deny that it is important; finally they credit the wrong person.",Bill Bryson
,9/28/2021,Everything is practice.,Pele
,9/29/2021,"Be strong and courageous. Do not be afraid or terrified because of them, for the Lord your God goes with you; he will never leave you nor forsake you.",Deuteronomy 31:6
9/7/2023,9/30/2021,Ability is what you're capable of doing. Motivation determines what you do. Attitude determines how well you do it.,Lou Holtz
,10/1/2021,"Our greatest glory consists not in never falling, but in rising every time we may fall",Oliver Goldsmith
2/18/2024,10/2/2021,A man's soul can be judged by the way he treats his dog.,Charles Doran
,10/3/2021,The size of your success is measured by the strength of your desire; the size of your dream; and how you handle disappointment along the way.,Robert Kiyosaki
2/28/2023,10/4/2021,Children are our second chance to have a great parent-child relationship.,Laura Schlessinger
10/17/2025,10/5/2021,The best way to give advice to your children is to find out what they want and then advise them to do it.,Harry S. Truman
,10/6/2021,"The more one judges, the less one loves.",Honoré de Balzac
,10/7/2021,Whoever claims the “right” to “redistribute” the wealth produced by others is claiming the “right” to treat human beings as chattel.,Ayn Rand
,10/8/2021,Knowledge makes a man unfit to be a slave.,Frederick Douglass
11/28/2023,10/9/2021,There are only two industries that call their customers ‘users’: illegal drugs and software.,Edward Tufte
,10/10/2021,"The media’s the most powerful entity on earth. They have the power to make the innocent guilty and to make the guilty innocent, and that’s power. Because they control the minds of the masses. The press is so powerful in its image-making role, it can make the criminal look like he’s a the victim and make the victim look like he’s the criminal. This is the press, an irresponsible press. It will make the criminal look like he’s the victim and make the victim look like he’s the criminal. If you aren’t careful, the newspapers will have you hating the people who are being oppressed and loving the people who are doing the oppressing.",Malcom X
9/6/2023,10/11/2021,What lies behind us and what lies before us are tiny matters compared to what lies within us.,Ralph Waldo Emerson
,10/12/2021,"No matter what anybody tells you, words and ideas can change the world.",Tom Schulman
,10/13/2021,"No country upon earth ever had it more in its power to attain these blessings than United America. Wondrously strange, then, and much to be regretted indeed would it be, were we to neglect the means and to depart from the road which Providence has pointed us to so plainly.",George Washington
,10/14/2021,"So convenient a thing to be a reasonable creature, since it enables one to find or make a reason for every thing one has a mind to do.",Benjamin Franklin 
,10/15/2021,"In the rush to return to normal, use this time to consider which parts of normal are worth rushing back to.",Dave Hollis
11/27/2023,10/16/2021,You should sit in meditation for twenty minutes everyday - unless you're too busy; then you should sit for an hour.,Dr. Sukhraj Dhillon
,10/17/2021,"If you get the inside right, the outside will fall into place.",Eckhart Tolle
,10/18/2021,"Reality must take precedence over public relations, for nature cannot be fooled.",Richard Feynman
5/12/2024,10/19/2021,Worrying does not take away tomorrow’s troubles. It takes away today’s peace.,Randy Armstrong
9/10/2022,10/20/2021,A diamond is just a piece of charcoal that handled stress exceptionally well.,unknown
,10/21/2021,"I am rooted, but I flow.",Virginia Woolf 
11/8/2023,10/22/2021,I feel about airplanes the way I feel about diets. It seems to me that they are wonderful things for other people to go on.,Jean Kerr
,10/26/2021,"The secret of freedom lies in educating people, whereas the secret of tyranny is in keeping them ignorant.",Maximilien de Robespierre
2/12/2024,10/27/2021,"A secret to happiness is letting every situation be what it is instead of what you think it should be, and then making the best of it.",unknown
,10/28/2021,The secret to life is meaningless unless you discover it yourself.,W. Somerset Maugham
,10/29/2021,"The secret of concentration is the secret of self-discovery. You reach inside yourself to discover your personal resources, and what it takes to match them to the challenge.",Arnold Palmer
11/7/2022,10/30/2021,The secret of happiness is something to do.,John Burroughs
,10/31/2021,"The secret of life is honesty and fair dealing. If you can fake that, you've got it made.",Groucho Marx
10/16/2023,11/1/2021,"Have compassion for everyone you meet, even if they don't want it. What seems conceit, bad manners, or cynicism is a sign of things no ears have heard, no eyes have seen. You do not know what wars are going on down there where the spirit meets the bone.",Miller Williams
,11/2/2021,The most common way people give up their power is by thinking they don't have any.,Alice Walker
,11/3/2021,"If someone does not want me it is not the end of the world. But if I do not want me, the world is nothing but endings.",Nayyirah Waheed
,11/4/2021,talking ain't doing.,Zoe Washburne
3/31/2023,11/6/2021,"It’s not the load that breaks you down, it’s the way you carry it.",Lou Holtz
,11/6/2021,"If you focus on the hurt, you will continue to suffer. If you focus on the lesson, you will continue to grow.",unknown
,11/8/2021,Expectations are resentments waiting to happen.,Anne Lamott
,11/8/2021,"The truth is, one who seeks to achieve freedom by petitioning those in power to give it to him has already failed, regardless of the response.",Larkin Rose
,11/9/2021,Truth never damages a cause that is just.,Mahatma Mohandas K. Gandhi
9/23/2022,11/10/2021,Better a diamond with a flaw than a pebble without one,Confucius 
9/12/2022,11/11/2021,"A gem is not polished without rubbing, nor a man perfected without trials",Lucius Annaeus Seneca
5/9/2024,11/12/2021,When you're 20 you care what everyone thinks. When you're 40 you stop caring what everyone thinks. When you're 60 you realize no one was ever thinking about you in the first place.,Winston Churchill
,11/13/2021,Don’t blame a clown for acting like a clown. Ask yourself why you keep going to the circus.,Unknown
12/1/2023,11/14/2021,The secret of getting ahead is getting started,Mark Twain
10/9/2025,11/15/2021,It is the first responsibility of every citizen to question authority.,Benjamin Franklin
,6/1/2024,"""Let justice be done though the heavens should fall.""",John Adams
,3/3/2024,"""Truth does not mind being questioned. A lie does not like being challenged.""",Unknown
5/10/0204,3/29/2022,"Fairy tales are more than true: not because they tell us that dragons exist, but because they tell us that dragons can be beaten.",Neil Gaiman
10/10/2025,2/28/2022,Sometimes the Healing Hurts More Than the Wound,unknown
,,What is man? A miserable little pile of secrets.,André Malraux
,2/27/2022,A bad workman blames his tools,Old Proverb 
11/4/2022,2/11/2024,A person who says it cannot be done should not interrupt the man doing it,Chinese Proverb
,,"I am certain, however, that nothing has done so much to destroy the juridical safeguards of individual freedom as the striving after this mirage of social justice.",Friedrich Hayek
11/1/2024,11/1/2024,"When Liberty is sacrificed, authoritarians destroy. When authoritarians destroy, they never (ever) ""build back better."" When authoritarians destroy, everything stays destroyed, until Liberty is returned. It's not ""different this time."" It's never different.",Ron Paul
,3/11/2022,"Should we be rewriting history just to make people feel good? That's not history, that's psychiatry.",Ed Koch
,3/8/2022,"The Founders never intended for Americans to trust their government. Our entire Constitution was predicated on the notion that government was a necessary evil, to be restrained and minimized as much as possible.",Rand Paul
,3/5/2022,The most extraordinary thing in the world is an ordinary man and an ordinary woman and their ordinary children.,G.K. Chesterton
,2/12/2024,"Life itself is a priviledge, but to live life to the fullest -- well, that is a choice.",Andy Andrews
,3/6/2022,Resistance creates suffering. Stress happens when your mind resists what is. The only problem in your life is your mind's resistance to life as it unfolds.,Dan Millman
2/6/2023,2/18/2024,You don't have a right to the cards you believe you should have been dealt. You have an obligation to play the hell out of the ones you're holding.,Cheryl Strayed
2/22/2023,12/7/2021,What lies before us and what lies behind us are small matters compared to what lies within us.,Henry S. Haskins
,3/2/2026,The modern world shall not be punished: It is the punishment.,Nicolás Gómez Dávila
,,The way to crush the bourgeoisie is to grind them between the millstones of taxation and inflation.,Vladimir Lenin
,11/11/2025,"You can’t truly call yourself “peaceful” unless you are capable of great violence. If you’re not capable of violence, you’re not peaceful, you’re harmless. Important distinction.",Stef Starkgaryen
,7/4/2025,When tyranny becomes law resistance becomes duty.,Thomas Jefferson
11/12/2025,3/9/2022,"The obedient always think about themselves as virtuous, rather than cowardly.",Robert Anton Wilson
10/17/2023,2/1/2023,"Challenges are what make life interesting, and overcoming them is what makes life meaningful.",Joshua J. Marine
3/7/2023,2/29/2024,"You are free to choose, but you are not free to alter the consequences of your decisions.",Ezra Taft Benson
,3/4/2023,Most people do not listen with the intent to understand; they listen with the intent to reply.,Stephen Covey
,11/14/2023,"When exposing a crime is treated as committing a crime, you are being ruled by criminals",Nick Gillespie
,,What exactly is your 'fair share' of what 'someone else' has worked for?,Thomas Sowell
,12/3/2023,Dying societies accumulate laws like dying men accumulate remedies.,Nicolás Gómez Dávila
,11/11/2023,"Evil preaches tolerance until it is dominant, then it tries to silence good.",Charles J. Chaput
,,"One of the most important reasons for studying history is that virtually every stupid idea that is in vogue today has been tried before and proved disastrous before, time and again.",Thomas Sowell
,3/1/2022,"A people that elect corrupt politicians, imposters, thieves and traitors are not victims... but accomplices",George Orwell
,3/10/2022,We make men without chests and expect of them virtue and enterprise. We laugh at honour and are shocked to find traitors in our midst. We castrate and bid the geldings be fruitful.,C.S. Lewis
,10/17/2023,"To learn who rules over you, simply find out who you are not allowed to criticize.",Kevin Alfred Strom
,12/12/2023,"If you need violence to enforce your ideas, your ideas are worthless.",unknown
3/1/2023,5/10/2024,"Journalism is about covering important stories. With a pillow, until they stop moving.",David Burge
,,"Every time something really bad happens, people cry out for safety, and the government answers by taking rights away from good people.",Penn Jillette
,,"Oppressors can tyrannize only when they achieve a standing army, an enslaved press, and a disarmed populace.",James Madison
,,Democracy is two wolves and a lamb voting on what to have for lunch.,Benjamin Franklin
,2/2/2023,"Once you carry your own water, you will learn the value of every drop.",African proverb
1/29/2023,10/10/2024,People who are not happy with themselves cannot possibly be happy with you.,unknown
2/18/2023,11/17/2021,Some people walk in the rain. Others just get wet.,Roger Miller
,,"If people say something bad about you, Judge you as if they know you, Don’t feel bad JUST REMEMBER “Dogs bark if they don’t know the person”.",unknown
11/2/2024,11/2/2024,"When we give government the power to make medical decisions for us, we in essence accept that the state owns our bodies.",Ron Paul
2/23/2023,11/20/2021,"What sunshine is to flowers, smiles are to humanity. These are but trifles, to be sure; but scattered along life’s pathway, the good they do is inconceivable.",Joseph Addison
,12/5/2021,It is neither wealth nor splendor but tranquility and occupation which give you happiness.   ,Thomas Jefferson
4/9/2025,12/6/2021,It takes less time to do a thing right than to explain why you did it wrong.,Henry Wadsworth Longfellow
,11/21/2021,It isn’t the mountain ahead that wears you out; it is the grain of sand in your shoe.,Robert W. Service
11/1/2023,12/4/2021,Positive thinking will let you do everything better than negative thinking will.,Zig Ziglar
12/9/2022,11/19/2021,It's not your job to like me - it's mine,Byron Katie
5/11/2023,2/26/2022,"Never give in. Never give in. Never, never, never, never—in nothing, great or small, large or petty—never give in, except to convictions of honour and good sense. Never yield to force. Never yield to the apparently overwhelming might of the enemy.",Winston Churchill
,!,"Be strong and courageous. Do not be afraid or terrified because of them, for the Lord your God goes with you; he will never leave you nor forsake you.",Deuteronomy 31:6
5/13/2024,5/13/2024,Government is not the solution to our problem; government is the problem.,Ronald Reagan
,12/1/2021,"Pain and suffering are always inevitable for a large intelligence and a deep heart. The really great men must, I think, have great sadness on earth.",Fyodor Dostoyevsky
,4/3/2022,It is much more important to kill bad bills than to pass good ones.,Calvin Coolidge
,10/14/2023,"If you're not careful, the newspapers will have you hating the people who are being oppressed, and loving the people who are doing the oppressing.",Malcolm X
,9/10/2022,It is hard to imagine a more stupid or more dangerous way of making decisions than by putting those decisions in the hands of people who pay no price for being wrong.,Thomas Sowell
,7/4/2026,What country can preserve its liberties if their rulers are not warned from time to time that their people preserve the spirit of resistance? Let them take arms.,Thomas Jefferson
,,"Where parents do too much for their children, the children will not do much for themselves.",Elbert Hubbard
,2/9/2023,"If we are to guard against ignorance and remain free, it is the responsibility of every American to be informed.",Thomas Jefferson
5/2/2023,,"Collective fear stimulates herd instinct, and tends to produce ferocity toward those who are not regarded as members of the herd.",Bertrand Russell
,,"The war is not meant to be won, it is meant to be continuous",George Orwell
,,"""I Sure As Hell Wouldn't Want TO Live In A Society Where The Only People Allowed Guns Are The Police And The Military.",William S. Burroughs
,4/8/2025,It’s easier to fool people than to convince them that they have been fooled,Mark Twain
,,The real killer was when you married the wrong person but had the right children.,Ann Beattie
,10/8/2022,The size of your success is measured by the strength of your desire; the size of your dream; and how you handle disappointment along the way.,Robert Kiyosaki
12/8/2022,,"The closer the collapse of the empire, the crazier its laws.",Marcus Tullius Cicero
,,The bureaucracy is expanding to meet the needs of the expanding bureaucracy.,Oscar Wilde
,,"The way I see it, every life is a pile of good ...” “The way I see it, every life is a pile of good things and bad things. The good things don’t always soften the bad things, but vice versa, the bad things don’t always spoil the good things and make them unimportant.",Doctor Who
,2/13/2022,"All the world will be your enemy, Prince with a Thousand Enemies, and whenever they catch you, they will kill you. But first they must catch you, digger, listener, runner, prince with the swift warning. Be cunning and full of tricks and your people shall never be destroyed.",Richard Adams
,2/25/2022,"It is better to deserve success than to merely have it; few deserve it who do not attain it. There is no failure in this country for those whose personal habits are good, and who follow some honest calling industriously, unselfishly, and purely. If one desires to succeed, he must pay the price, work.",Orison Swett Marden
,11/17/2023,Freedom is not a reward for good behavior. That’s how prison works,unknown
,11/18/2021,"On the night you were born, the moon smiled with such wonder that the stars peeked in to see you and the night wind whispered. “Life will never be the same."" Because there had never been anyone like you... ever in the world. You are loved.",Nancy Tillman
,5/12/2022,"Life is like a box of chocolates. A cheap, thoughtless, perfunctory gift that nobody ever asks for. Unreturnable because all you get back is another box of chocolates. So you're stuck with this undefinable whipped mint crap that you mindlessly wolf down when there's nothing else left to eat. Sure, once in a while there's a peanut butter cup or an English toffee. But they're gone too fast and the taste is... fleeting. So, you end up with nothing but broken bits filled with hardened jelly and teeth-shattering nuts. And if you're desperate enough to eat those, all you got left is an empty box filled with useless brown paper wrappers.",The Cigarette Smoking Man
,12/2/2023,At no time in history have the people forcing others into compliance been the good guys.,unknown
11/6/2023,11/23/2021,"Political tags — such as royalist, communist, democrat, populist, fascist, liberal, conservative, and so forth — are never basic criteria. The human race divides politically into those who want people to be controlled and those who have no such desire. The former are idealists acting from highest motives for the greatest good of the greatest number. The latter are surly curmudgeons, suspicious and lacking in altruism. But they are more comfortable neighbors than the other sort.",Robert A. Heinlein
,,"The harder I work, the luckier I get.",Gary Player
3/3/2026,,You can't get rich in politics unless you're a crook.,Harry S. Truman
,5/3/2022,"Complainers change their complaints, but they never reduce the amount of time spent in complaining.",Mason Cooley
,,Middle age went by while I was mourning for my lost youth.,Mason Cooley
,3/3/2022,"As democracy is perfected, the office of president represents, more and more closely, the inner soul of the people. On some great and glorious day the plain folks of the land will reach their heart's desire at last and the White House will be adorned by a downright moron.",H.L. Mencken
,,Tolerance will reach such a level that intelligent people will be banned from thinking so as not to offend the imbeciles.,Fyodor Dostoyevsky
,,"We are fast approaching the stage of the ultimate inversion: the stage where the government is free to do anything it pleases, while the citizens may act only by permission; which is the stage of the darkest periods of human history, the stage of rule by brute force.",Ayn Rand
,6/9/2022,"The federal government has taken too much money from the people. too much authority from the states, and too much liberty from the Constitution.",Ronald Reagan
12/11/2022,11/22/2021,"It’s not the government’s job to protect my health. It’s the government’s job to protect my rights. It’s my job to protect my health. When you trade liberty for safety, you end up losing both.",unknown
12/12/2022,12/3/2021,"Sometimes your freedom is not taken away at gunpoint, but instead it is done one piece of paper at a time. One seemingly meaningless rule at a time. One small silencing at a time.",Armando Valladares
,,The freedoms you surrender today are the freedoms your grandchildren will never know existed,The White Rose
11/9/2022,12/8/2021,No day is so bad it can’t be fixed with a nap.,Carrie Snow
5/1/2023,12/9/2021,Sleep is the golden chain that ties health and our bodies together.” — Thomas Dekker,Thomas Dekker
,12/10/2021,"Happiness consists of getting enough sleep. Just that, nothing more.",Robert A. Heinlein
4/8/2023,12/11/2021,The amount of sleep required by the average person is five minutes more.,Wilson Mizener
3/7/2024,12/12/2021,One man with courage makes a majority.,Andrew Jackson
,12/13/2021,"Truth is not what you want it to be; it is what it is, and you must bend to its power or live a lie.",Miyamoto Musashi
2/23/2025,12/14/2021,"A nation can survive its fools, and even the ambitious. But it cannot survive treason from within. For the traitor appears not a traitor - He speaks in the accents familiar to his victims, and he appeals to the baseness that lies deep in the hearts of all men.",Cicero
,12/15/2021,"The mild voice of reason, pleading the cause of an enlarged and permanent interest, is but too often drowned. before public bodies as well as individuals, by the clamors of an impatient avidity for immediate and immoderate gain.",James Madison
,12/16/2021,"I will honor Christmas in my heart, and try to keep it all the year.",Charles Dickens 
5/11/2024,1/24/2022,The absence of a message sometimes is a presence of one.,Hasse Jerner
,1/25/2022,"Tradition is not the worship of ashes, but the preservation of fire.",Gustav Mahler
9/7/2022,1/23/2022,“The reason why we struggle with insecurity is because we compare our behind the scenes with everyone else's highlight reel.”,Steven Furtick
4/23/2024,1/26/2022,The simple step of a courageous individual is not to take part in the lie. One word of truth outweighs the world,Alexandr Solzhenitsyn
,1/27/2022,Talk sense to a fool and he calls you foolish,Euripides
11/1/2022,1/28/2022,"When a clown moves into a palace, he doesn't become a king, the palace becomes a circus",Turkish proverb
,1/29/2022,Forgiving people in silence and never speaking to them again is a form of self care.,Lorraine Moropa
9/27/2023,1/30/2022,"Of all the paths you take in life, make sure a few of them are dirt.",John Muir
,1/31/2022,Your dream stinks. I was talking to her.,Hook Hand Thug
10/30/2022,2/1/2022,"Trust yourself, and remember you are a miracle.",Debasish Mridha
5/5/2023,2/2/2022,There are two ways to live: you can live as if nothing is a miracle; you can live as if everything is a miracle. — Albert Einstein,Albert Einstein
2/22/2025,2/3/2022,"Someday, everything will make perfect sense. So for now, laugh at the confusion, smile through the tears, be strong and keep reminding your self that everything happens for a reason.",John Mayer
,2/4/2022,How long should you try? Until. ,Jim Rohn
,2/5/2022,"Miracles are short-term solutions, it's wisdom that helps you go the distance.",John Nolte
,2/6/2022,"If you are a Giver, remember to learn your limits - because the Takers don’t have any.",Unknown
,2/7/2022,Seek not a knight in shining armor but rather learn to swing the sword thy self,Unknown 
10/15/2022,2/8/2022,"Doubt yourself and you doubt everything you see. Judge yourself and you see judges everywhere. But if you listen to the sound of your own voice, you can rise above doubt and judgment. And you can see forever.",Nancy Lopez
9/5/2023,2/9/2022,"Eating too much cake is the sin of gluttony. However, eating too much pie is okay because the sin of pi is always zero.",Unknown
7/4/2026,2/10/2022,The way things are supposed to work is that we're supposed to know virtually everything about what they [the government] do: that's why they're called public servants. They're supposed to know virtually nothing about what we do: that's why we're called private individuals.,Glenn Greenwald
10/14/2023,2/11/2022,"Love is the miracle cure,"" she says, ""And when you are willing to love yourself more, every area of your life works out better.",Louise L. May
,2/14/2022,"Being deeply loved by someone gives you strength, while loving someone deeply gives you courage.",Lao Tsu
5/2/2024,2/15/2022,"Time is too slow for those who wait, too swift for those who fear, too long for those who grieve, too short for those who rejoice, but for those who love, time is eternity.",Henry Van Dyke
,2/16/2022,"Love does not consist in gazing at each other, but in looking outward together in the same direction.",Amtoine de Saint-Exupery
,2/17/2022,"Love is the crowning grace of humanity, the holiest right of the soul, the golden link which binds us to duty and truth, the redeeming principle that chiefly reconciles the heart to life, and is prophetic of eternal good.",Petrarch
,2/24/2022,Immature love says: 'I love you because I need you.' Mature love says 'I need you because I love you.',Erich Fromm
,2/23/2022,Love cures people - both the ones who give it and the ones who receive it.,Karl A. Menninger
2/19/2024,2/22/2022,/To love and be loved is to feel the sun from both sides.,David Viscott
,3/2/2022,Being sick feels like you’re wearing someone else’s glasses.,Megan Boyle
3/15/2023,3/4/2022,"I can feel guilty about the past, Apprehensive about the future,but only in the present can I act.The ability to be in the present moment is a major component of mental wellness.",Abraham Maslow
,3/7/2022,Government is the coldest of all cold monsters.,Friedrich Nietzsche
,,"Coldly it lies; and this lie slips from its mouth: ""I, government, am the people.""",
4/22/2024,4/22/2024,"Everything government says is a lie, and everything government has it has stolen.",
,3/12/2022,"Can’t you tell from the hair and the cheekbones? Humans don’t grow that beautiful. Not outside of Denmark, anyway.",Gail Carriger
,3/13/2022,"Alle disse skæbner. Vi er så forgængelige, vi mennesker. Når vi er børn, skuer vi ind i evigheden; når vi ældes, ser vi tilbage og ved at det kun var et fingerknips, et glimt i tiden, at vore dage var som regndråber der falder i havet.",Mich Vraa
,3/14/2022,"The Danes, considered to be among the happiest people in the world, have enjoyed hygge for hundreds of years.",
,,"Denmark's high standard of living, decent healthcare, gender equality, accessible education and equitable distribution of wealth all contribute to the measurable happiness of the Danish people.",Louisa Thomsen Brits
,,But a determined pursuit of happiness doesn't necessarily lead to wellbeing.,
,,"At the heart of Danish life, and at the core of hygge, is a deeper stability of contentment.",
,3/15/2022,Danes are blunt and direct and trusting and secure,Helen Russell
4/8/2024,3/16/2020,"“Just living isn't enough,"" said the butterfly, ""one must have sunshine, freedom and a little flower.""",Hans Christian Anderson
,3/17/2022,"Hyggelige as the Danes may be, there is one serious drawback to being crazy about candles: the soot. Studies show that lighting just one candle fills the air with more microparticles than traffic in a busy street.",Meik Wiking
,3/3/2026,"A study undertaken by the Danish Building Research Institute showed that candles shed more particles indoors than either cigarettes or cooking. Despite Denmark being a highly regulated country, we have yet to see warning labels on candles. Nobody messes with the hygge fanatics.",
,3/18/2022,"If Copenhagen were a person, that person would be generous, beautiful, elderly, but with a flair. A human being that has certain propensities for quarrelling, filled with imagination and with appetite for the new and with respect for the old - somebody who takes good care of things and of people.",Connie Nielsen
,3/19/2022,"This is the way of air travel: fellow passengers applaud because they didn't die, and then they cut in front of you so they can exit four seconds earlier.",Vendela Vida
5/9/2026,3/20/2022,A thing is not necessarily true because a man dies for it.,Oscar Wilde
3/16/2023,3/21/2022,"It is said that your life flashes before your eyes just before you die. That is true, it's called Life.",Terry Pratchett
,3/22/2022,"I'm the one that's got to die when it's time for me to die, so let me live my life the way I want to.",Jimi Hendrix
,3/2/2022,We are not given a good life or a bad life. We are given a life. It's up to us to make it good or bad.,Devika Fernando 
,3/23/2022,Unbeing dead isn't being alive.,E.E. Cummings
,3/24/2022,"""“I wish it need not have happened in my time,"""" said Frodo.""	J.R.R Tolkien
""""""So do I,"""" said Gandalf, """"and so do all who live to see such times. But that is not for them to decide. All we have to decide is what to do with the time that is given us.”""	",J.R.R Tolkien
,3/2/2022,"Death ends a life, not a relationship.",Mitch Albom
3/13/2024,3/30/2022,"There are two men inside the artist, the poet and the craftsman. One is born a poet, one becomes a craftsman.",Emile Zola
,3/31/2022,"When a work lifts your spirits and inspires bold and noble thoughts in you, do not look for any other standard to judge by: the work is good, the product of a master craftsman.",Jean de la Bruyere
4/7/2024,4/2/2022,"Since it is so likely that children will meet cruel enemies, let them at least have heard of brave knights and heroic courage. Otherwise you are making their destiny not brighter but darker.",C.S. Lewis
,4/4/2022,"The one absolutely certain way of bringing this nation to ruin, of preventing all possibility of continuingto be a nation at all would be to permit it to become a tangle of squabblingnationalities.",Theodore Roosevelt 
,4/5/2022,"A craftsman knows in advance what the finished result will be, while the artist knows only what it will be when he has finished it.",W.H. Auden
,4/6/2022,You assist an evil system most effectively by obeying its orders and decrees. An evil system never deserves such allegiance. Allegiance to it means partaking of the evil. A good person will resist an evil system with his or her whole soul.,Mahatma Gandhi
3/11/2024,4/7/2022,Give me six hours to chop down a tree and I will spend the first four sharpening the axe.,Abraham Lincoln 
2/3/2024,4/8/2022,"If you’re going through Hell, keep going.",Winston Churchill
5/3/2024,4/9/2022,Curiosity is the ultimate power tool – Roy Underhill,Roy UNDERHILL
,4/10/2022,Show us a man who never makes a mistake and we will show you a man who never makes anything. The capacityfor occasional blundering is inseparablefrom the capacity to bring things to pass.,H.L. Wayland
,4/11/2022,"Hate, it has caused a lot of problems in the world, but has not solved one yet.",Maya Angelou
,4/12/2022,I love to see a young girl go out and grab the world by the lapels. Life's a bitch. You've got to go out and kick ass.,Maya Angelou
10/30/2023,4/13/2022,"Courage is the most important of all the virtues because without courage, you can't practice any other virtue consistently.",Maya Angelou
,4/17/2022,To educate a man in mind and not in morals is to educate a menace to society.,Theodore Roosevelt 
3/10/2024,4/14/2022,"I did then what I knew how to do. Now that I know better, I do better.",Maya Angelou
11/16/2025,4/16/2022,There is no greater agony than bearing an untold story inside you.,Maya Angelou
9/5/2022,4/15/2022,"We delight in the beauty of the butterfly, but rarely admit the changes it has gone through to achieve that beauty.",Maya Angelou
5/8/2024,4/18/2022,Train yourself to let go of everything you fear to lose.,Yoda
,4/19/2022,"Not everyone can become a great artist, but a great artist can come from anywhere.",Chef Gusteau
3/9/2024,4/24/2022,Sometimes the smallest things take up the most room in your heart.,Winnie the Pooh
,4/23/2022,"Life doesn't give us purpose, we give life a purpose",The Flash
,4/20/2022,There is nothing wrong with a life of peace and prosperity. I suggest you think about what it is you want from your life.,Uncle Iroh
5/7/2024,4/21/2022,"Only a few find the way, some don’t recognize it when they do – some… don’t ever want to.",Cheshire Cat
,4/22/2022,There is no monster more dangerous than a lack of compassion,Master Splinter
11/15/2025,4/25/2022,"Never approach a bull from the front, a horse from the rear or a fool from any direction.",Old west proverb
,4/26/2022,"In matters of truth and justice, there is no difference between large and small problems, for issues concerning the treatment of people are all the same.",Albert Einstein 
3/12/2024,4/27/2022,"There is more real pleasure to be gotten out of a malicious act, where your heart is in it, than out of thirty acts of a nobler sort.",Mark Twain
,4/28/2022,"The answers you're needing are the ones you may never find, perhaps it's best you learn to stop letting the questions rule your mind.",Amy Lopez
,4/29/2022,"When you experience loss, people say you’ll move through the 5 stages of grief….
Denial, Anger, Bargaining, Depression, Acceptance
….. What they don’t tell you is that you’ll cycle through them all every day.",Ranata Suzuki
10/10/2022,4/30/2022,"An escalator can never break: it can only become stairs. You should never see an Escalator Temporarily Out Of Order sign, just Escalator Temporarily Stairs. Sorry for the convenience.",Mitch Hedberg 
,5/1/2022,Leadership is a privilege to better the lives of others. It is not an opportunity to satisfy personal greed.,Kwai Kibaki
10/9/2022,5/2/2022,"Historically, the most terrible things - war, genocide, and slavery - have resulted not from disobedience, but from obedience.",Howard Zinn
,5/5/2022,"The secret of getting ahead is getting started. The secret to getting started is breaking your overwhelming tasks into small manageable tasks, and then starting on the first one.",Mark Twain
,5/4/2022,"Almost everything will work again if you unplug it for a few minutes, including you.",Anne Lamont
,5/6/2022,Grab a coffee. Journal your intentions. Get to work. Create miracles.,Elyse Santilli 
2/27/2023,5/7/2022,One secret of life is that the reason life works at all is that not everyone in your tribe is nuts on the same day.,Anne Lamott
,5/11/2022,Life is like a box of chocolates. You never know what you’re gonna get,Forrest Gump
,5/19/2022,"“In quoting others, we cite ourselves.”",-Julio Cortazar
,5/20/2022,Part of courage is simple consistency.,Peggy Noonan
4/29/2023,5/21/2022,"Above all, be the heroine of your life, not the victim.",Nora Ephron
12/11/2023,5/22/2022,"Yesterday I was clever, so I wanted to change the world. Today I am wise, so I am changing myself.",Rumi
,5/31/2022,"Look at a day when you are supremely satisfied at the end. It’s not a day when you lounge around doing nothing; it’s a day you’ve had everything to do, and you’ve done it.",Margaret Thatcher
12/16/2022,6/8/2022,"By the time I’m done with a project, it’s taken so long that I usually don’t even like it anymore. I only see the things I wish I’d done differently.",Sydney Pollack
,6/1/2022,,Helen Keller
3/17/2023,6/2/2022,Great things are done by a series of small things brought together.,Vincent Van Gogh
,6/3/2022,"Adapt what is useful, reject what is useless, and add what is specifically your own.",Bruce Lee
,6/4/2022,"There are three things all wise men fear: the sea in storm, a night without a moon, and the anger of a gentle man",Patrick Rothfuss
2/26/2023,6/5/2022,Age is a very high price to pay for maturity.,Tom Stoppard
,6/6/2022,"Hope is not the conviction that something will turn out well but the certainty that something makes sense, regardless of how it turns out.",Vaclav Havel
,6/7/2022,The axe forgets; the tree remembers.,Zimbabwean proverb from the Shona tribe
,6/10/2022,"Government is simply the biggest corporation, with the monopoly on violence.",Elon Musk
2/5/2023,6/11/2022,"Nature does not hurry, yet everything is accomplished.",Lao Tsu
,6/12/2022,your right to swing your arm leaves off where my right not to have my nose struck begins.,John B. Finch
10/18/2023,6/13/2022,Glitter is so unique it can be used as forensic evidence if matching glitter is found at the crime scene and on the suspect since glitter often goes unnoticed by the suspect.,
4/30/2023,6/14/2022,"And above all, watch with glittering eyes the whole world around you because the greatest secrets are always hidden in the most unlikely places. Those who don't believe in magic will never find it.",Roald Dahl
,6/15/2022,"To be nobody but yourself in a world that's doing its best to make you somebody else, is to fight the hardest battle you are ever going to fight. Never stop fighting.",E.E. Cummings
,6/16/2022,"Fast is fine, but accuracy is final. You have to learn to be slow in a hurry.",Wyatt Earp
,9/24/2022,"Justice and power must be brought together, so that whatever is just may be powerful, and whatever is powerful may be just.",Blaise Pascal
,6/21/2022,"If you give me six lines written by the hand of the most honest of men, I will find something in them which will hang him.",Cardinal Richelieu
,6/22/2022,Here comes the orator with his flood of words and his drop of reason.,Benjamin Franklin 
9/16/2023,6/23/2022,The welfare of humanity is always the alibi of tyrants.,Albert Camus
,6/24/2022,"All my friends were saying ""You live in shallow plastic LA, move to New York and get real"", and now I'm here I realise they just wanted another warm body between themselves and this nightmare. Because New York is like a cage that turns your brain into a rat where the city pokes the rat every day until you think ""I want someone else to be unhappy and know that I'm responsible!""",Patton Oswald
1/25/2024,6/25/2022,"You can’t go back and change the beginning, but you can start where you are and change the ending.",C.S. Lewis
4/7/2023,6/27/2022,The reward for conformity is that everyone likes you but yourself.,Rita Mae Brown 
9/13/2023,6/26/2022,"Today’s goals: Coffee and kindness. Maybe two coffees, and then kindness.",Nanea Hoffman 
,6/28/2022,"For what it’s worth: it’s never too late or, in my case, too early to be whoever you want to be. There’s no time limit, stop whenever you want. You can change or stay the same, there are no rules to this thing. We can make the best or the worst of it. I hope you make the best of it. And I hope you see things that startle you. I hope you feel things you never felt before. I hope you meet people with a different point of view. I hope you live a life you’re proud of. If you find that you’re not, I hope you have the courage to start all over again.",F. Scott Fitzgerald 
,6/29/2022,"Get mad, then get over it.",Colin Powell
,7/6/2022,Losing is not my enemy..fear of losing is my enemy.,Rafael Nadal
9/15/2023,6/30/2022,Think of all the beauty still left around you and be happy.,Anne Frank
,07/01/2022,Hatred in your heart for others is always weakness.,Habib Ali al-Jifri
,7/3/2022,"When the righteous are in authority, the people rejoice: but when the wicked beareth rule, the people mourn.",Proverbs 29:2
9/22/2022,7/2/2022,A day without a nap is like a cupcake without frosting.,Terri Guillemets
,7/10/2022,Thus conscience does make cowards of us all,Hamlet
5/8/2023,7/4/2022,Love everyone. But never sell your sword.,Paulo Coleho 
,7/5/2022,Crisis is the rallying cry of the tyrant.,James Madison
,7/8/2022,"“Human beings only have two ways to deal with one another: reason andforce.  If you want me to do something for you, you have a choice ofeither convincing me via argument, or force me to do your bidding under threatof force. Every human interaction falls into one of those two categories,without exception. Reason or force, that’s it.”",-Major L. Caudill USMC (Ret)
,,"Был бы человек, а статья найдётся.",Andrey Yanuaryevich Vyshinsky
,,"Show me the man, and I’ll find you the crime.",
,7/9/2022,"For every complex problem there is an answer that is clear, simple, and wrong.",H. L. Mencken
2/25/2023,7/11/2022,"A father said to his daughter: You graduated with honors, here is a car that I acquired many years ago itis several years old. But before I give it to you, take it to the used car lot downtown and tell them I want to sell it and see how much they offer you. The daughter went to the used car lot, returned to her father and said, ""They offered me $1,000 because it looks very worn out."" The father said, ""Take him to the pawn shop."" The daughter went to the pawn shop, returned to her father and said, ""The pawn shop offered $100 because it was a very old car."" The father asked his daughter to goto a car club and show them the car. The daughter took the car to the club, returned and told her father, ""Some people in the club offered $100,000 for it since it is a Nissan Skyline R34, an iconic car and sought after by many."" The father said to his daughter, ""I wanted you to know that the right place values you the right way."" If you are not valued, do not be angry, it means you are in the wrong place. Those who know your value are those who appreciate you. Never stay in a place where no one sees your value.",
8/26/2022,7/12/2022,"When I was 15, I spent a month working on an archeological dig. I was talking to one of the archeologists one day during our lunch break and he asked those kinds of “getting to know you” questions you ask young people: 

Do you play sports? What’s your favorite subject? And I told him, no I don’t play any sports. I do theater, I’m in choir, I play the violin and piano, I used to take art classes. And he went WOW. That’s amazing! And I said, “Oh no, but I’m not any good at ANY of them.”

And he said something then that I will never forget and which absolutely blew my mind because no one had ever said anything like it to me before:

“I don’t think being good at things is the point of doing them. I think you’ve got all these wonderful experiences with different skills, and that all teaches you things and makes you an interesting person, no matter how well you do them.” 

And that honestly changed my life. Because I went from a failure, someone who hadn’t been talented enough at anything to excel, to someone who did things because I enjoyed them. I had been raised in such an achievement-oriented environment, so inundated with the myth of Talent, that I thought it was only worth doing things if you could “Win” at them.”",Kurt Vonnegut 
,7/13/2022,"Civics was a class that used to be required before you could graduate from high school. You were taught what was in the U.S. Constitution. And after all the student rebellions in the Sixties, civics was banished from the student curriculum and was replaced by something called social studies. Here we live in a country that has a fabulous constitution and all these guarantees, a contract between the citizens and the government – nobody knows what's in it...And so, if you don't know what your rights are, how can you stand up for them? And furthermore, if you don't know what's in the document, how can you care if someone is shredding it?",Frank Zappa
,7/14/2022,"For many years we've been trying, in our own bumbling way, to illustrate that love is a far greater force, a far greater power than hate. Now we don't mean you're expected to go around like a pirouetting Pollyanna, tossing posies at everyone who passes by, but we do want to make a point. 

Let's consider three men: Buddha, Christ, and Moses… men of peace, whose thoughts and deeds have influenced countless millions throughout the ages — and whose presence still is felt in every corner of the earth.

Buddha, Christ, and Moses… men of good will, men of tolerance, and especially men of love. 

Now, consider the practitioners of hate who have sullied the pages of history. Who still venerates their words? Where is homage still paid to their memory? What banners still are raised to their cause? The power of love — and the power of hate. Which is most truly enduring? 

When you tend to despair . . . let the answer sustain you.",Sran Lee
,9/5/2022,"If you build an army of 100 lions and their leader is a dog, in any fight the lions will die like a dog. But if you build an army of 100 dogs, and their leader is a lion, all dogs will fight as a lion.",Napoleon
,7/15/2022,"One of the saddest lessons of history is this: If we’ve been bamboozled long enough, we tend to reject any evidence of the bamboozle. We’re no longer interested in finding out the truth. The bamboozle has captured us. It’s simply too painful to acknowledge, even to ourselves, that we’ve been taken. Once you give a charlatan power over you, you almost never get it back.",Carl Sagan
,7/16/2022,"If a hiker gets lost in the mountains, people will coordinate a search. If a train crashes, people will line up to give blood. If an earthquake levels a city, people all over the world will send emergency supplies. This is so fundamentally human that it's found in every culture without exception. Yes, there are assholes who just don't care, but they're massively outnumbered by the people who do.",Andy Weir
,7/18/2022,"nothing would be more fatal than for the Government of States to get in the hands of experts. Expert knowledge is limited knowledge, and the unlimited ignorance of the plain man who knows where it hurts is a safer guide than any rigorous direction of a specialized character.",Winston Churchill 
,7/19/2022,"Memories are interpretations, not truth,",Ian M. Banks
,7/20/2022,"For I do not exist: there exist but the thousands of mirrors that reflect me. With every acquaintance I make, the population of phantoms resembling me increases. Somewhere they live, somewhere they multiply. I alone do not exist.",Vladimir Nabokov
,7/21/2022,You will never live if you are looking for the meaning of life.,Albert Camus
2/3/2023,7/26/2022,"Of all the liars in the world, sometimes the worst are our own fears.",Rudyard Kipling
,7/27/2022,"I would rather be ashes than dust!
I would rather that my spark should burn out in a brilliant blaze than it should be stifled by dry-rot.
I would rather be a superb meteor, every atom of me in magnificent glow, than a sleepy and permanent planet.
The function of man is to live, not to exist.
I shall not waste my days trying to prolong them.
I shall use my time.",Jack London
,7/28/2022,"“Fathers and teachers, I ponder, ""What is hell?"" I maintain that it is the suffering of being unable to love.”",Fyodor Dostoyevsky
9/14/2023,7/29/2022,Nothing is intolerable that is necessary,Jeremy Taylor
,7/30/2022,Don't take criticism from someone you wouldn't take advice from.,Dakota Meyer
10/31/2023,7/31/2022,"My hope is that when I die, all of hell rejoices that I am out of the fight.",C.S. Lewis
,8/1/2022,Optimists study English; pessimists study Chinese; and realists learn to use a Kalashnikov.,Russian proverb 
,8/2/2022,All things are difficult before they are easy.,Thomas Fuller
,8/4/2022,"A daughter is the happy memories of the past, the joyful moments of the present, and the hope and promise of the future.",Bruce Barton
,8/5/2022,Be yourself; everyone else is taken.,Oscar Wilde 
12/15/2022,8/6/2022,"You need to associate with people who inspire you, 
people that challenge you to raise higher, 
people that make you better. 
Don't waste your valuable time with people that are not adding to your growth. 
Your destiny is too important.

",Joel Osteen
,8/14/2022,You can tell whether a man is clever by his answers. You can tell whether a man is wise by his questions.,Naguib Mahfouz
,8/8/2022,"Being brave doesn't mean you aren't scared. Being brave means you are scared, really scared, badly scared, and you do the right thing anyway.",Neil Gaiman 
,8/7/2022,,Neil Gaiman
2/4/2023,8/9/2022,"Read. Read anything. Read the things they say are good for you, and the things they claim are junk. You'll find what you need to find. Just read.",Neil Gaiman 
,8/10/2022,"Google can bring you back 100,000 answers. A librarian can bring you back the right one.",Neil Gaiman 
,5/7/2024,Two types of people laugh at the law: those that break it and those that make it.,Terry Pratchett 
,8/19/2022,Authority. The antithesis of science.,Stephen Baxter 
,8/15/2022,We are stuck with technology when what we really want is just stuff that works.,Douglas Adams
,8/16/2022,"It's not that I'm so smart, it's just that I stay with problems longer.

",Albert Einstein 
12/14/2022,8/17/2022,"To be humane, we must ever be ready to pronounce that wise, ingenious and modest statement 'I do not know'.",Galileo Galilei
,8/18/2022,"If [an idea] disagrees with experiment, it’s wrong. That simple statement is the key to science. It doesn’t make a difference how beautiful your [idea] is, it doesn’t make a difference how smart you are, or who made the [idea], or what his name is… if it disagrees with experiment, it’s wrong. That’s all there is to it.",Richard Feynman
,9/23/2022,"In school, you're taught a lesson and then given a test. In life, you're given a test that teaches you a lesson.",Tom Bodett
12/13/2022,8/26/2022,One test of the correctness of educational procedure is the happiness of the child.,Maria Montessori 
9/30/2022,7/7/2022,"आचार्यात् पादमादत्ते
पादं शिष्यः स्वमेधया ।
पादं सब्रह्मचारिभ्यः
पादं कालक्रमेण च ॥

From the teacher is learned a quarter,
a quarter from the student's own intelligence,
a quarter from fellow students,
and a quarter with the passage of time.",Sanskrit sloka
,11/2/2021,"Can we please stop associating being a good person
with how much you're willing to suffer in silence
for other people?
You can be a kind person and still say
""""""no, I don't have the time/energy to help you with that.""""""
You can be a kind person and still say
""""""this makes me uncomfortable, please stop.""""""
You can be a kind person and still say
""""""I disagree and here's why.""""""
""You can be kind and still say """"I'm not okay with this.""""""
Being kind is about treating people with kindness
and respect, not about being the human
equivalent of a doormat.",
,8/27/2022,"If my future were determined just by my performance on a standardized test, I wouldn't be here. I guarantee you that.",Michelle Obama 
,8/28/2022,Quitting! It’s like trying but easier.,Eda the Owl Lady
,9/4/2022,The society that separates its scholars from its warriors will have its thinking done by cowards and its fighting by fools.,Thucydides
5/10/2023,9/6/2022,A hungry stomach has no ears.,French proverb
,9/7/2022,"Let me make the songs of a nation, and I care not who makes its laws.",Andrew Fletcher 
,9/8/2022,Nature does not know extinction; all it knows is transformation.,Werner Von Braun 
,9/9/2022,"In many ways, the work of a critic is easy. We risk very little yet enjoy a position over those who offer up their work and their selves to our judgment. We thrive on negative criticism, which is fun to write and to read. But the bitter truth we critics must face, is that in the grand scheme of things, the average piece of junk is probably more meaningful than our criticism designating it so.",Ratatouille
1/24/2023,9/11/2022,"It suddenly struck me that that tiny pea, pretty and blue, was the Earth. I put up my thumb and shut one eye, and my thumb blotted out the planet Earth. I didn't feel like a giant. I felt very, very small.",Neil Armstrong 
,9/12/2022,The unity of freedom has never relied on uniformity of opinion.,John F. Kennedy 
9/13/2022,9/13/2022,"If you went back and fixed all the mistakes you’ve made, you erase yourself",Louis C.K.
2/15/2023,2/15/2023,"Nearly all men can stand adversity, but if you want to test a man’s character, give him power",Robert G. Ingersoll
,9/14/2022,"We try to save as many people as we can. Sometimes that doesn't mean everybody, but, if we can't find a way to live with that, Next time... maybe nobody can be saved.",Steve Rogers
9/21/2022,5/9/2023,I would rather have questions that can’t be answered than answers that can’t be questioned.,Richard Feynman 
9/18/2022,9/18/2022,"Every normal man must be tempted, at times, to spit on his hands, hoist the black flag, and begin slitting throats.",H.L. Mencken
,12/9/2022,"When you don't create things, you become defined by your tastes rather than ability. your tastes only narrow & exclude people. so create.",Why the Lucky Stiff
1/26/2023,9/22/2022,"If someone can prove me wrong and show me my mistake in any thought or action, I shall gladly change. I seek the truth, which never harmed anyone: the harm is to persist in one's own self-deception and ignorance.",Marcus Aurelius
,9/20/2022,A Snake Only Sheds Its Skin To Become A Bigger Snake,Yemi Alade 
9/20/2022,12/11/2022,"It is possible to commit no mistakes and still lose. That is not weakness, that is life.",Jean-Luc Picard
9/14/2022,11/16/2022,"If you can't take a little bloody nose, maybe you ought to go back home, and crawl under your bed. It's not safe out here! It's wondrous...with treasures to satiate desires both subtle and gross; but it's not for the timid.",Q 
,9/16/2022,Adults are always asking children what they want to be when they grow up because they’re looking for ideas.,Paula Poundstone
9/15/2022,11/12/2022,"When your mother asks, ‘Do you want a piece of advice?’ it is a mere formality. It doesn’t matter if you answer yes or no. You’re going to get it anyway.",Erma Bombeck
,,"If you want to know what God thinks of money, look at the people he gave it to.",Dorothy Parker
9/17/2022,11/28/2022,"Anyone can do any amount of work, provided it isn’t the work he is supposed to be doing at that moment.",Robert Benchley 
,9/15/2022,All I’ve ever wanted was an honest week’s pay for an honest day’s work.,Steve Martin
1/23/2023,9/17/2022,"If you can’t be kind, at least be vague.",Judith Martin
9/16/2022,10/7/2022,"According to most studies, people’s number one fear is public speaking. Number two is death. Death is number two. Does that seem right? That means to the average person, if you have to go to a funeral, you’re better off in the casket than doing the eulogy.",Jerry Seinfeld 
9/25/2022,10/29/2022,A half truth is a whole lie,Yiddish Proverb
9/19/2022,9/19/2022,"Now and then we had a hope that if we lived and were good, God would permit us to be Pirates.",Mark Twain
3/15/2025,9/21/2022,"Every landing that you walk away from is a good landing. If you can reuse the plane, it was a great landing.",David Samson 
9/26/2022,10/3/2022,Fantasy is hardly an escape from reality. It's a way of understanding it.,Lloyd Alexander
4/13/2024,9/25/2022,"I don't care how much you don't like me. The last time I checked, the road to heaven wasn't through your yard.",Keanu Reeves
,10/6/2022,Certainly anyone who has the power to make you believe absurdities has the power to make you commit injustices,Voltaire
10/29/2022,9/26/2022,How many legs does a dog have if you call his tail a leg? Four. Saying that a tail is a leg doesn't make it a leg.,Abraham Lincoln 
9/27/2022,10/28/2022,We learn from history that we do not learn from history.,Georg Hegel
10/19/2023,9/27/2022,"The world is changed by your example, not by your opinion.",Paulo Coelho
9/28/2022,10/10/2022,"When you have something to say, silence is a lie.",Jordan Peterson
12/1/2022,9/28/2022,"Happiness does not come from a job. It comes from knowing what you truly value, and behaving in a way that’s consistent with those beliefs.",Mike Rowe
9/29/2022,10/9/2022,Happiness does not come from doing easy work but from the afterglow of satisfaction that comes after the achievement of a difficult task that demanded our best.,Theodore Isaac Rubin
,9/29/2022,"The one who plants trees, knowing that he will never sit in their shade, has at least started to understand the meaning of life.",Rabindranath Tagore
,10/19/2022,"In individuals, insanity is rare; but in groups, parties, nations and epochs, it is the rule.",Friedrich Nietzsche
,,Few of us are as good as we think we are; none of us are as good as we can be.,Tom Selleck
,9/30/2022,"Arguing that you don't care about the right to privacy because you have nothing to hide, is no different than saying you don't care about free speech because you have nothing to say.",Edward Snowden 
,10/1/2022,Here's a bumper sticker i'd like to see... 'we are the proud parents of a child who has resisted his teacher's attempts to bend him to the will of his corporate masters'.,George Carlin
,10/2/2022,"Our world is not divided by race, color, gender or religion. Our world is divided into wise people and fools. And fools divide themselves by race, color, gender, or religion. ",Mohamad Safa
,10/4/2022,"But what is liberty without wisdom and without virtue? It is the greatest of all possible evils; for it is folly, vice, and madness, without tuition or restraint. Those who know what virtuous liberty is, cannot bear to see it disgraced by incapable heads, on account of their having high-sounding words in their mouths.",Edmund Burke
,10/5/2022,Social media made y'all way too comfortable with disrespecting people and not getting punched in the face for it.,Mike Tyson
10/7/2022,6/2/2024,"I come in peace. I didn’t bring artillery. But I’m pleading with you, with tears in my eyes: If you fuck with me, I’ll kill you all.",James Mattis 
10/11/2022,12/13/2022,Above all shadows rides the sun.,J.R.R. Tolkien
,10/11/2022,"In real life, the hardest aspect of the battle between good and evil is determining which is which.",George R.R. Martin
,10/17/2022,"A mind needs books as a sword needs a whetstone, if it is to keep its edge.",George R.R. Martin
,2/11/2023,"I sit beside the fire and think of people long ago, and of people who will see a world that I shall never know.",J. R. R. Tolkien
,10/18/2022,He that breaks a thing to find out what it is has left the path of wisdom.,J. R. R. Tolkien
2/7/2023,,"My political opinions lean more and more to Anarchy (philosophically understood, meaning abolition of control not whiskered men with bombs). ~ J. R. R. Tolkien",
,4/8/2024,"""evil labours with vast power and perpetual success - in vain: preparing always only the soil for unexpected good to sprout in."" ~ J. R. R. Tolkien",
10/12/2022,11/14/2022,"Things will go as they will, and there is no need to hurry to meet them. ~ J. R. R. Tolkien",
,,"Nearly all marriages, even happy ones, are mistakes: in the sense that almost certainly (in a more perfect world, or even with a little more care in this very imperfect one) both partners might be found more suitable mates. But the real soul-mate is the one you are actually married to. ~ J. R. R. Tolkien",
9/4/2023,9/4/2023,"""But he that sows lies in the end shall not lack of a harvest, and soon he may rest from toil indeed, while others reap and sow in his stead."" ~ J. R. R. Tolkien",
3/29/2025,12/5/2022,All's well that ends better. ~ J. R. R. Tolkien,
,11/18/2022,"""Valour needs first strength, then a weapon."" ~ J. R. R. Tolkien",
12/10/2023,10/13/2022,"""A safe fairyland is untrue to all worlds."" ~ J. R. R. Tolkien",
12/2/2022,12/2/2022,"To ignore evil is to become an accomplice to it. ~ Martin Luther King, Jr.",
,11/15/2022,"""True courage is to stand against evil, even when we stand alone."" ~ Richard C. Edgley",
10/28/2022,1/29/2023,"False words are not only evil in themselves, but they infect the soul with evil. ~ Plato",
,10/16/2022,"""Government, even in its best state, is but a necessary evil; in its worst state, an intolerable one."" ~ Thomas Paine",
4/9/2024,10/12/2022,The sad truth is that most evil is done by people who never make up their minds to be good or evil. ~ Hannah Arendt,
,10/15/2022,"""The victor will never be asked if he told the truth."" ~ Adolf Hitler",
10/27/2022,10/27/2022,Evil is the product of the ability of humans to make abstract that which is concrete. ~ Jean-Paul Sartre,
10/13/2022,10/30/2022,"""If evil be spoken of you and it be true, correct yourself, if it be a lie, laugh at it."" ~ Epictetus",
7/24/2024,10/20/2022,No man is justified in doing evil on the ground of expedience. ~ Theodore Roosevelt,
,10/14/2022,"Truth is its [justice's] handmaid, freedom is its child, peace is its companion, safety walks in its steps, victory follows in its train; it is the brightest emanation from the Gospel; it is the attribute of God.",Sydney Smith
5/9/2023,11/1/2022,"You only live once, but if you do it right, once is enough.” 
― Mae West",
,11/2/2022,You will continue to suffer if you have an emotional reaction to everything that is said to you. True power is sitting back and observing everything with logic. If words control you that means everyone else can control you. Breathe and allow things to pass.,Bruce Lee
2/24/2025,11/3/2022,A monkey with a diamond is still a monkey.,Hitesh Hari
11/3/2022,11/10/2022,Do not speak bad yourself. For the warrior within hears your words and is lessened by them.,Japanese proverb
,3/28/2023,"If the truth shall kill them, let them die"" - Immanuel Kant",
9/3/2024,11/4/2022,"Some people live as though they are already dead. There are people moving around us who are consumed by their past, terrified of their future, and stuck in their anger and jealousy. They are not alive; they are just walking corpses.",Thich Nhat Hanh
,11/13/2022,"""Cows don't give milk; you have to work for it.""",Unknown 
11/29/2022,12/6/2022,"Day by day, what you do is who you become.",Heraclitus 
11/6/2022,12/1/2022,"There is no elevator to success, you have to take the stairs.",Zig Ziglar
,11/9/2022,Tyranny doesn’t become less tyrannical when you happen to agree with the tyrant.,Anthony Zarrella
11/8/2022,10/23/2023,"Government is not reason, it is not eloquence, it is force...Never for a moment should it be left to irresponsible action.",George Washington 
11/10/2022,2/7/2023,The most poetical thing in the world is not being sick.,Gilbert K. Chesterton
11/11/2022,11/11/2022,"As we express our gratitude, we must never forget that the highest appreciation is not to utter words, but to live by them.",John F. Kennedy 
,10/18/2023,"If men were angels, no government would be necessary. If angels were to govern men, neither external nor internal controls on government would be necessary. In framing a government which is to be administered by men over men, the great difficulty lies in this: you must first enable the government to control the governed; and in the next place oblige it to control itself. A dependence on the people is, no doubt, the primary control on the government; but experience has taught mankind the necessity of auxiliary precautions.",James Madison
,11/30/2022,"The very powerful and the very stupid have one thing in common. Instead of changing their views to fit the facts, they try to change the facts to fit their views.",The 4th Doctor
1/30/2024,11/19/2022,The truth is like a lion; you don’t have to defend it. Let it loose; it will defend itself.,St. Augustine
,11/20/2022,"Every time we turn our heads the other way when we see the law flouted, when we tolerate what we know to be wrong, when we close our eyes and ears to the corrupt because we are too busy or too frightened, when we fail to speak up and speak out, we strike a blow against freedom and decency and justice.",Robert F. Kennedy 
,12/12/2022,"The only safe place for sheep is by the side of the shepherd, because the devil does not fear sheep; he just fears the Shepherd. ",A.W. Tower
11/30/2022,2/9/2024,"Gratitude is not only the greatest of virtues, but the parent of all others.",Cicero
,11/29/2022,"One of the serious problems in planning the fight against American doctrine, is that the Americans do not read their manuals, nor do they feel any obligation to follow their doctrine."" -- Soviet Military Document",
,3/7/2023,Being armed is the difference between being a citizen and a subject.,David Johnson
12/7/2022,12/8/2022,It's only progress if you like the direction it's going.,M. Bates
12/3/2022,12/7/2022,"If you wait for perfect conditions, you will never get anything done.",Ecclesiastes 11:4
1/27/2024,2/23/2025,"Free speech is the bedrock of liberty and a free society. And yes, it includes the right to blaspheme and offend.",Ayaan Hirsi Ali
2/9/2024,3/4/2026,"If more government is the answer, then it was a really stupid question.",Ronald Reagan
10/28/2023,12/4/2022,Be yourself; everyone else is already taken.,Oscar Wilde
,12/3/2022,You know you're in love when you can't fall asleep because reality is finally better than your dreams.,Dr. Seuss
12/5/2022,2/5/2023,"""Ugh. I hate talking to people about things.""",April Ludgate
,12/10/2022,"You only live once, but if you do it right, once is enough.",Mae West
10/29/2023,3/7/2024,We accept the love we think we deserve.,Stephen Chbosky
12/10/2022,12/16/2022,Twenty years from now you will be more disappointed by the things that you didn't do than by the ones you did do. So throw off the bowlines. Sail away from the safe harbor. Catch the trade winds in your sails. Explore. Dream. Discover.,H. Jackson Brown Jr.
1/28/2024,12/14/2022,"The scientists of today think deeply instead of clearly. One must be sane to think clearly, but one can think deeply and be quite insane.",Nikola Tesla
,12/17/2022,"To acquire knowledge, one must study; but to acquire wisdom, one must observe.",Marilyn vos Savant
4/16/2024,12/15/2022,God calls each and every star by name. It’s not likely He has forgotten yours.,Louie Giglio
,1/25/2023,Don't be pushed around by the fears in your mind. Be led by the dreams in your heart.,Roy T. Bennett
3/6/2024,12/31/2022,I am different. Let this not upset you,Paracelsus 
3/4/2026,1/15/2023,"If you can't explain it simply, you don't understand it well enough.",Albert Einstein 
,1/16/2023,"May I stress the need for courageous, intelligent, and dedicated leadership... Leaders of sound integrity. Leaders not in love with publicity, but in love with justice. Leaders not in love with money, but in love with humanity. Leaders who can subject their particular egos to the greatness of the cause.","Martin Luther King, Jr"
7/28/2024,1/17/2023,The power of finding beauty in the humblest things makes home happy and life lovely.” – Louisa May Alcott,
,1/18/2023,"If ever there is tomorrow when we're not together... there is something you must always remember. You are braver than you believe, stronger than you seem, and smarter than you think. But the most important thing is, even if we're apart... I'll always be with you.",A.A. Milne
,1/26/2023,Ships don’t sink because of the water around them. Ships sink because of the water that gets in them. Don’t let what’s happening around you get inside you and weigh you down.,Unknown
11/3/2024,11/3/2024,"A nation is born stoic, and dies epicurean.",Will Durant
1/28/2023,1/28/2023,"Facts are stubborn things; and whatever may be our wishes, our inclinations, or the dictates of our passions, they cannot alter the state of facts and evidence: nor is the law less stable than the fact.",John Adams
1/31/2023,1/31/2023,"Nothing in life is to be feared, it is only to be understood. Now is the time to understand more, so that we may fear less.",Marie Curie
,1/30/2023,"Just because we’re done with a part of ourself, doesn’t mean that part of ourself is done with us.",Merlin
,1/22/2023,"Do I contradict myself? Very well, then, I contradict myself; I am large—I contain multitudes.” – Walt Whitman",
,12/15/2023,A lion doesn't concern itself with the opinion of sheep.,George R.R. Martin
,,Wolves don’t lose sleep over the opinions of sheep.,
9/3/2023,1/24/2023,Expecting the world to treat you fairly because you’re a good person is like expecting a bull not to attack you because you’re a vegetarian.,Dennis Wholey
,10/10/2025,The best way to keep a prisoner from escaping is to make sure he never knows he’s in prison.,Fyodor Dostoyevsky
,2/6/2023,"What the government is good at is collecting taxes, taking away your freedoms and killing people. It's not good at much else.",Tom Clancy
4/25/2025,1/27/2023,"Villains who twirl their mustaches are easy to spot. Those who cloak themselves in good deeds are well camouflaged. Waiting for the right climate in which to flourish, spreading fear in the name of righteousness.",Jean-Luc Picard
,,To have a villainous ruler imposed on you was a misfortune. To elect him yourself was a disgrace.,Samuel Adams
,1/19/2023,"If it be asked, What is the most sacred duty and the greatest source of our security in a Republic? The answer would be, An inviolable respect for the Constitution and Laws — the first growing out of the last... A sacred respect for the constitutional law is the vital principle, the sustaining energy of a free government.",Alexander Hamilton 
,2/2/2023,"Is life so dear, or peace so sweet, as to be purchased at the price of chains and slavery? Forbid it, Almighty God! I know not what course others may take; but as for me, give me liberty or give me death!”


― Patrick Henry",
2/3/2025,1/20/2023,"Generosity is giving more than you can, and pride is taking less than you need.",Khalil Gibran
,1/21/2023,"Well, I have a dream too, but it’s about singing and dancing and making people happy. It’s the kind of dream that gets better the more people you share it with.",Kermit the Frog
,1/23/2023,"Sympathy sees and says, ‘I’m sorry’. 
Compassion sees and says, ‘I’ll help’. ",Unknown
1/30/2023,2/3/2025,"Reputation is only a candle, of wavering and uncertain flame, and easily blown out, but it is the light by which the world looks for and finds merit.

James Russell Lowell",
,2/3/2023,I place greater value on enabling victory than actually securing it.,Tycho 
3/31/2024,2/4/2023,"Dream big. Start small. But most of all, start. -Simon Sinek.",
3/28/2026,2/8/2023,"It is the time you have wasted for your rose that makes your rose so important.” 
― Antoine de Saint-Exupéry, The Little Prince",
2/8/2023,9/27/2023,"Grown-ups never understand anything by themselves, and it is tiresome for children to be always and forever explaining things to them” 
― Antoine de Saint-Exupéry, The Little Prince",
2/10/2023,2/13/2023,"It is inhumane, in my opinion, to force people who have a genuine medical need for coffee to wait in line behind people who apparently view it as some kind of recreational activity.",Dave Barry
,2/10/2023,"The best revenge is none. Heal, move on, and don’t become like those who hurt you.",Pamela Short
9/26/2023,2/12/2023,The path is made by walking.,Antonio Machado
2/13/2023,3/30/2023,Coffee is a way of stealing time that should by rights belong to your older self.,Terry Pratchett
,2/19/2022,"There are those who love to get dirty and fix things. They drink coffee at dawn, beer after work. And those who stay clean, just appreciate things. At breakfast they have milk and juice at night. There are those who do both, they drink tea.” 
― Gary Snyder",
2/17/2024,2/16/2023,"If you don't stick to your values when they're being tested, they're not values: they're hobbies.",Jon Stewart
,,"Your Scientists Were So Preoccupied With Whether Or Not They Could, They Didn’t Stop To Think If They Should",Dr. Ian Malcolm 
5/1/2024,2/17/2023,"If you find yourself in a fair fight, your tactics suck.",John Steinbeck
2/16/2023,2/28/2023,The most important thing to do if you find yourself in a hole is to stop digging.,Warren Buffett
,2/18/2023,"When Mr. Bilbo Baggins of Bag End announced that he would shortly be celebrating his eleventy-first birthday with a party of special magnificence, there was much talk and excitement in Hobbiton.",J.R.R. Tolkien 
2/20/2023,2/20/2023,The marvel of all history is the patience with which men and women submit to burdens unnecessarily laid upon them by their governments.,George Washington 
2/21/2023,2/21/2023,"We can complain because rose bushes have thorns, or rejoice because thorn bushes have roses.",Abraham Lincoln 
,2/22/2023,"The golden age is before us, not behind us.",William Shakespeare 
2/4/2025,2/23/2023,"Beware of he who would deny you access to information, for in his heart he dreams himself your master",Pravin Lal
,2/27/2023,for I have sworn upon the altar of god eternal hostility against every form of tyranny over the mind of man.,Thomas Jefferson 
3/28/2024,2/24/2023,Victory is reserved for those who are willing to pay its price.,Sun Tzu
,4/9/2024,Part of the journey is the end.,Tony Stark
,3/1/2023,"When you've worked hard, and done well, and walked through that doorway of opportunity...you do not slam it shut behind you...you reach back, and you give other folks the same chances that helped you succeed.",Michelle Obama 
10/19/2024,4/17/2024,"Extraordinary people survive under the most terrible circumstances and they become more extraordinary because of it.
Robertson Davies",
10/4/2023,3/23/2023,"Yesterday is not ours to recover, but tomorrow is ours to win or lose.
Lyndon B. Johnson",
,3/31/2023,"What is a teacher? I'll tell you: it isn't someone who teaches something, but someone who inspires the student to give of her best in order to discover what she already knows.
Paulo Coelho",
,3/5/2023,"Believe and act as if it were impossible to fail.

Charles Kettering",
4/10/2024,3/3/2023,"I do not fix problems. I fix my thinking. Then problems fix themselves.
Louise Hay",
3/6/2023,9/16/2023,"Do the best you can until you know better. Then when you know better, do better.

Maya Angelou",
9/28/2023,3/2/2023,"You may encounter many defeats, but you must not be defeated. Please remember that your difficulties do not define you. They simply strengthen your ability to overcome.

Maya Angelou",
3/5/2023,,"You never can tell with bees.

A. A. Milne",
,3/10/2023,"Only those who will risk going too far can possibly find out how far one can go.

T. S. Eliot",
9/23/2023,3/6/2023,"Great minds have purposes; others have wishes.

Washington Irving",
,,"No one is going to come help you. No one's coming to save you.”


― David Goggins",
9/25/2023,3/8/2023,"The secret of happiness is to count your blessings while others are adding up their troubles.

William Penn",
3/9/2023,3/21/2023,"I always wonder why birds choose to stay in the same place when they can fly anywhere on the earth, then I ask myself the same question.

Harun Yahya",
10/6/2023,3/9/2023,"For peace of mind, we need to resign as general manager of the universe.

Larry Eisenberg",
1/31/2024,3/20/2023,"I became insane, with long intervals of horrible sanity.

Edgar Allan Poe",
3/10/2023,3/25/2023,"Young people need models, not critics.

John Wooden",
3/27/2023,3/27/2023,"If you take the the insults of your fellow human beings personally, you will be offended for the rest of your life.

Deepak Chopra",
,10/5/2024,Just because it's a bad idea doesn't mean it won't be a good time,
3/28/2023,4/18/2024,"Feelings are just visitors, let them come and go.

Mooji",
10/6/2024,3/11/2023,"To love and be loved is to feel the sun from both sides.

David Viscott",
,3/17/2023,"People are like stained - glass windows. They sparkle and shine when the sun is out, but when the darkness sets in, their true beauty is revealed only if there is a light from within.
Elisabeth Kubler-Ross",
,3/19/2023,"The best thing you can do is find a person who loves you for exactly what you are.

Diablo Cody",
10/11/2025,3/18/2023,"Don't pray when it rains if you don't pray when the sun shines.

Satchel Paige",
,3/14/2023,"The evening news made her wonder if God was dead; the morning sun made her believe He wasn't.

Carl Hiaasen",
,3/13/2023,"Sitting in the morning sun, I'll be sitting when the evening comes

Otis Redding",
,3/16/2023,"Perhaps there is no time in a summer's day more cheering, than when the warmth of the sun is just beginning to triumph over the freshness of the morning--when there is just a lingering hint of early coolness to keep off languor under the delicious influence of warmth.

George Eliot",
2/23/2024,3/15/2023,"When all you can feel are the shadows, turn your face towards the sun.

Helen Keller",
2/22/2024,3/12/2023,"I believe in the sun, even when it rains.

Anne Frank",
3/14/2023,10/12/2023,"We must have a pie. Stress cannot exist in the presence of a pie.

David Mamet",
,3/22/2023,"A charming woman... doesn't follow the crowd. She is herself.

Loretta Young",
4/30/2024,3/24/2023,"I am content in my later years. I have kept my good humor and take neither myself nor the next person seriously.

Albert Einstein",
,3/26/2023,"Give me just one generation of youth, and I'll transform the whole world.”


― Vladimir Lenin",
3/29/2023,9/18/2023,"Go boldly and honestly through the world. Learn to love the fact that there is nobody else quite like you.

Daniel Radcliffe",
,3/29/2023,Sometimes the truth isn’t good enough. Sometimes people deserve more. Sometimes people deserve their faith to be rewarded.  -Batman,
10/5/2023,2/8/2024,Everybody has a plan until they get punched in the mouth. -Mike Tyson,
3/15/2025,2/24/2025,Give a man a mask and he will show you his true face. -Oscar Wilde,
,4/12/2023,"Those who deny freedom to others, deserve it not for themselves.
—A. Lincoln",
4/13/2023,,"Every normal man must be tempted, at times, to spit on his hands, hoist the black flag, and begin slitting throats.

H. L. Mencken",
3/30/2023,9/14/2023,"Miracles start to happen when you give as much energy to your dreams as you do to your fears.
Richard Wilkins",
4/29/2024,4/11/2023,"The greatest of all mistakes is to do nothing because you think you can only do a little.
Zig Ziglar",
,4/4/2023,"The first time any man's freedom is trodden on, we're all damaged.  -Judge Aaron Satie",
4/11/2023,11/15/2024,"""Never tell the same lie twice. -moral of The Boy Who Cried Wolf according to Garak ",
,7/27/2023,"""I think, when one has been angry for a very long time, one gets used to it. And it becomes comfortable like...like old leather. And finally... it becomes so familiar that one can't remember feeling any other way.""  -Jean-Luc Picard",
4/28/2024,4/3/2023,"Perhaps man wasn't meant for paradise. Maybe he was meant to claw, to scratch all the way.
James Tiberius Kirk",
4/27/2023,7/15/2023,"You may be disappointed if you fail, but you are doomed if you don't try.
Beverly Sills",
,4/5/2023,"Decide...whether or not the goal is worth the risks involved. If it is, stop worrying.
Amelia Earhart",
4/10/2023,4/23/2023,"The best way to make your dreams come true is to wake up.
Paul Valery.",
,4/7/2023,"The smallest deed is better than the greatest intention.
John Burroughs",
4/14/2023,,"""Whenever you put your faith in big government for any reason, sooner or later you wind up an apologist for mass murder."" -Karl Hess",
,4/6/2023,"""So, if we lie to the government, it's a felony. But if they lie to us its politics.""
- Bill Murray",
,,"The world is a dangerous place, not hecause of those who do evil, but because of those who look on and do nothing.
Albert Einstein",
,4/24/2023,"You may not control all the events that happen to you, but you can decide not to be reduced by them.
Maya Angelou",
2/1/2024,4/8/2023,"Life is growth. If we stop growing, technically and spiritually, we are as good as dead.
Morihei Ueshiba",
,4/2/2023,"In the quiet hours when we are alone and there is nobody to tell us what fine fellows we are, we come sometimes upon a moment in which we wonder, not how much money we are earning, nor how famous we have become, but what good we are doing.
A. A. Milne",
,,"Talent hits a target no one else can hit; Genius hits a target no one else can see.

",Arthur Schopenhauer
4/12/2023,5/11/2024,"One isn't necessarily born with courage, but one is born with potential. Without courage, we cannot practice any other virtue with consistency. We can't be kind, true, merciful, generous, or honest.
Maya Angelou",
,11/30/2023,"We the people are the rightful masters of both Congress and the courts, not to overthrow the Constitution but to overthrow the men who pervert the Constitution.

Abraham Lincoln",
,,"You have to love a nation that celebrates its independence every July 4, not with a parade of guns, tanks, and soldiers who file by the White House in a show of strength and muscle, but with family picnics where kids throw Frisbees, the potato salad gets iffy, and the flies die from happiness. You may think you have overeaten, but it is patriotism.

Erma Bombeck",
4/9/2023,11/3/2024,"Remember, people will judge you by your actions not your intentions. You may have a heart of gold but so does a hard-boiled egg.

Maya Angelou",
,4/9/2023,"Between a high, solid wall and an egg that breaks against it, I will always stand on the side of the egg.

Haruki Murakami",
2/7/2024,4/10/2023,"If you want to be happy, set a goal that commands your thoughts, liberates your energy, and inspires your hopes.

Andrew Carnegie",
,2/7/2024,"Tolerance implies no lack of commitment to one's own beliefs. Rather it condemns the oppression or persecution of others.
John F. Kennedy",
,4/14/2023,"The big challenge is to become all that you have the possibility of becoming. You cannot believe what it does to the human spirit to maximize your human potential and stretch yourself to the limit.
Jim Rohn",
2/8/2024,12/2/2025,"Christmas is the time when kids tell Santa what they want and adults pay for it. Deficits are when adults tell government what they want and their kids pay for it.
Richard Lamm",
,5/1/2023,"The world resembles a stage on which every man is playing a part.

Franz Schubert",
10/13/2023,4/22/2023,"Start by doing what's necessary; then do what's possible; and suddenly you are doing the impossible.

Francis of Assisi",
4/10/2025,4/21/2023,"As soon as you concern yourself with the ""good"" and ""bad"" of your fellows, you create an opening in your heart for maliciousness to enter. Testing, competing with, and criticizing others weakens and defeats you.

Morihei Ueshiba",
4/20/2023,,"More than the act of testing, the act of designing tests is one of the best bug preventers known.

Boris Beizer",
4/19/2023,,"Debugging is twice as hard as writing the code in the first place. Therefore, if you write the code as cleverly as possible, you are, by definition, not smart enough to debug it.

Brian Kernighan",
4/21/2023,,"When debugging, novices insert corrective code; experts remove defective code.

Richard E. Pattis",
,5/13/2023,"Courage is not simply one of the virtues, but the form of every virtue at the testing point.

C. S. Lewis",
2/2/2024,4/17/2023,"Life has many ways of testing a person's will, either by having nothing happen at all or by having everything happen all at once.

Paulo Coelho",
,4/20/2023,"If you could lead through testing, the U.S. would lead the world in all education categories. When are people going to understand you don't fatten your lambs by weighing them?

Jonathan Kozol",
4/27/2024,4/16/2023,"When I asked you if you wanted to, I was not testing your courage. I was testing your wisdom.

Paulo Coelho",
4/24/2023,,"Programming allows you to think about thinking, and while debugging you learn learning.

Nicholas Negroponte",
4/22/2023,,"The wages of sin is debugging.

Ron Jeffries",
4/23/2023,,"The most effective debugging tool is still careful thought, coupled with judiciously placed print statements.

Brian Kernighan",
4/25/2023,,"Testing proves a programmer’s failure. Debugging is the programmer’s vindication.

Boris Beizer",
,4/19/2023,"1 Corinthians 14:8, “For if the trumpet makes an uncertain sound, who will prepare for battle?”",
,,"You either die a hero, or you live long enough to see yourself become the villain.",Harvey Dent
9/30/2023,5/8/2023,"It is terrible to contemplate how few politicians are hanged. ”


― G.K. Chesterton",
4/26/2023,7/27/2024,"There is always some madness in love. But there is also always some reason in madness.
Friedrich Nietzsche",
,5/2/2023,"Beware of rashness, but with energy and sleepless vigilance go forward and give us victories.
Abraham Lincoln",
10/1/2023,4/27/2023,"God knows our situation; He will not judge us as if we had no difficulties to overcome. What matters is the sincerity and perseverance of our will to overcome them.
C. S. Lewis",
7/25/2024,4/26/2023,"Hope is a renewable option: 
If you run out of it at the end of the day, you get to start over in the morning.
Barbara Kingsolver",
,4/29/2023,"Books are the plane, and the train, and the road. They are the destination, and the journey. They are home.
Anna Quindlen",
9/29/2023,4/25/2023,"You have to think anyway, so why not think big?
Donald Trump",
4/28/2023,4/30/2023,"Every moment of your life is either a test or a celebration.

David Deida",
10/8/2024,4/28/2023,"You just can't beat the person who never gives up.

Babe Ruth",
10/2/2023,5/3/2023,"Never dull your shine for somebody else.

Tyra Banks",
4/11/2026,5/5/2023,"Nothing in life is to be feared, it is only to be understood. Now is the time to understand more, so that we may fear less.

Marie Curie",
5/4/2023,5/4/2023,"Many of the truths that we cling to depend greatly on our point of view.""

- Obi-Wan Kenobi",
5/7/2023,5/12/2023,"No person who can read is ever successful at cleaning out an attic.

Ann Landers",
2/26/2024,5/7/2023,"I am never five minutes into stripping the clutter from my life before I start running into the clutter that is my life.

Robert Breault",
7/29/2024,5/10/2023,"You have two choices: You can make a living, or you can design a life.
Jim Rohn",
,5/14/2023,"Evil is powerless if the good are unafraid.
Ronald Reagan",
4/12/2026,5/11/2023,"I hope that real love and truth are stronger in the end than any evil or misfortune in the world.

Charles Dickens",
2/27/2024,5/16/2023,"The trouble with the rat race is that even if you win, you're still a rat.
Lily Tomlin",
,2/272024,May we never confuse honest dissent with disloyal subversion.,Dwight D. Eisenhower
10/30/2024,6/1/2023,God made the world round so we would never be able to see too far down the road.,Isak Dinesen
,6/2/2023,There are more instances of the abridgment of the freedom of the people by gradual and silent encroachments of those in power than by violent and sudden usurpations.” —James Madison ,
,6/3/2023,"Stand up and stand out for what's right and for the truth. Do not let them exchange the truth for the lie. (Romans 1:25)

",
2/2/2025,8/9/2023,"Passion governs, and she never governs wisely."" — Benjamin Franklin",
,7/4/2023,"And quit bringing up our forefathers and saying they were civil libertarians. Our founding fathers would have never tolerated any of this crap. For God's sake, they were blowing peoples' heads off because they put a tax on their breakfast beverage. And it wasn't even coffee.",Dennis Miller
,,,
,7/22/2023,"""Even in the best and most peacefully civilized countries many occasions arise when a woman versed in the knowledge and use of firearms may find that information and skill of great importance.""
--
Annie Oakley",
9/24/2023,7/28/2023,"""You're only given one little spark of madness.
You mustn't lose it.""
~ Robin Williams",
12/3/2025,,"""I used to think the worst thing in life was to end up all alone, it's not. The worst thing in life is to end up with people that make you feel all alone.""",Robin Williams
,7/29/2023,"If a dog jumps in your lap, it is because he is fond of you; but if a cat does the same thing, it is because your lap is warmer. - Alfred North Whitehead ",
,7/30/2023,"""Human beings are born with different
capacities. If they are free, they are not equal.
And if they are equal, they are not free.""
Aleksandr Solzhenitsyn",
12/7/2023,8/10/2023,"Start where you are, use what you have, do what you can.” 

― Arthur Ashe",
,8/11/2023,"As government expands, liberty contracts.” 

― Ronald Reagan",
,8/12/2023,"If you want to see the poor remain poor, generation after generation, just keep the standards low in their schools and make excuses for their academic shortcomings and personal misbehavior. But please don't congratulate yourself on your compassion.  -Thomas Sowell",
,8/15/2023,"Success consists of going from failure to failure without loss of enthusiasm.
Winston Churchill",
,8/13/2023,"A life lived in fear is a life half lived.
Baz Luhrmann",
9/21/2023,8/14/2023,"It takes something more than intelligence to act intelligently.
Fyodor Dostoevsky",
,8/21/2023,"Take responsibility for your last bad decision, and then let it go. Don't blame others or make excuses for yourself.
Deepak Chopra",
9/18/2023,,"If you fell down yesterday, stand up today.
H. G. Wells",
,8/19/2023,"No matter what you've done for yourself or for humanity, if you can't look back on having given love and attention to your own family, what have you really accomplished?
Lee Iacocca",
9/1/2023,12/7/2023,"Happiness is not by chance, but by choice.
Jim Rohn",
,10/8/2023,"It is so hard to leave—until you leave. And then it is the easiest goddamned thing in the world.
John Green",
,,"Always give without remembering and always receive without forgetting.
Brian Tracy",
,8/27/2023,"It's not the events of our lives that shape us, but our beliefs as to what those events mean.
Tony Robbins",
,8/16/2023,"If someone tells you, ""You can't"" they really mean, ""I can't.""
Sean Stephenson",
,8/18/2023,"A man must be big enough to admit his mistakes, smart enough to profit from them, and strong enough to correct them.
John C. Maxwell",
,8/17/2023,"It has yet to be proven that intelligence has any survival value.”
― Arthur C. Clarke",
8/29/2023,5/6/2024,"Never mistake motion for action.
Ernest Hemingway",
,9/16/2024,"At the end of the day, all you can hope for is to go on. The older I get, the more I realize that just keeping on keeping on is what life's all about.
Janis Ian",
,8/20/2023,"It is neither wealth nor splendor; but tranquility and occupation which give you happiness.
Thomas Jefferson",
5/5/2024,9/12/2023,"There is only one cause of unhappiness: the false beliefs you have in your head, beliefs so widespread, so commonly held, that it never occurs to you to question them.
Anthony de Mello",
8/28/2023,9/1/2023,"Character cannot be developed in ease and quiet. Only through experience of trial and suffering can the soul be strengthened, ambition inspired, and success achieved.
Helen Keller",
8/26/2023,10/6/2023,"The real voyage of discovery consists not in seeking new landscapes, but in having new eyes.
Marcel Proust",
,9/3/2023,"The fastest way to become the master of your thoughts and emotions is through challenging situations. If your life is going along fairly smoothly, there are not the same opportunities that enable you to strengthen your power and become the master of your thoughts and emotions. You see, even challenges are beautiful opportunities in disguise.
Rhonda Byrne",
8/27/2023,4/29/2024,"Do not dare not to dare.
C. S. Lewis",
8/25/2023,8/31/2023,"I know the price of success: dedication, hard work, and an unremitting devotion to the things you want to see happen.

Frank Lloyd Wright",
,8/26/2023,"And above all, watch with glittering eyes the whole world around you because the greatest secrets are always hidden in the most unlikely places. Those who don't believe in magic will never find it.
Roald Dahl",
8/30/2023,8/30/2023,"""Nothing in the world can take the place of persistence. Talent will not; nothing is more common than unsuccessful men with talent."" - Calvin Coolidge",
8/31/2023,10/6/2024,"“The three P’s of success: Passion, Persistence, and Patience.” - Doug Bronson",
9/2/2023,9/2/2023,"The case against science is straightforward: much of the scientific literature, perhaps half, may simply be untrue. Afflicted by studies with small sample sizes, tiny effects, invalid exploratory analyses, and flagrant conflicts of interest, together with an obsession for pursuing fashionable trends of dubious importance, science has taken a turn towards darkness.  -Richard Horton (editor of The Lancet)",
9/30/2024,10/16/2023,"Being the richest man in the cemetery doesn't matter to me ... Going to bed at night saying we've done something wonderful... that's what matters to me.
Steve Jobs",
,9/6/2023,"Let us realize that: the privilege to work is a gift, the power to work is a blessing, the love of work is success!
David O. McKay",
9/8/2023,10/13/2023,"The opposite of love is not hate, it's indifference. The opposite of art is not ugliness, it's indifference. The opposite of faith is not heresy, it's indifference. And the opposite of life is not death, it's indifference.
Elie Wiesel",
,9/15/2023,"Do not let your fire go out, spark by irreplaceable spark in the hopeless swamps of the not-quite, the not-yet, and the not-at-all. Do not let the hero in your soul perish in lonely frustration for the life you deserved and have never been able to reach. The world you desire can be won. It exists.. it is real.. it is possible.. it's yours.
Ayn Rand",
1/29/2024,9/13/2023,"Don't be pushed by your problems. Be led by your dreams.
Ralph Waldo Emerson",
8/1/2024,9/9/2023,"There is no elevator to success, you have to take the stairs.
Zig Ziglar",
,9/7/2023,"The best way to enjoy your job is to imagine yourself without one.

Oscar Wilde",
10/8/2023,9/5/2023,"Don't be afraid to give your best to what seemingly are small jobs. Every time you conquer one it makes you that much stronger. If you do the little jobs well, the big ones will tend to take care of themselves.

Dale Carnegie",
,9/8/2023,"Work harder on yourself than you do on your job.

Jim Rohn",
9/17/2023,9/17/2023,"Cleaning your house while your kids are still growing up is like shoveling the walk before it stops snowing.

Phyllis Diller",
,9/20/2023,"Happiness is when what you think, what you say, and what you do are in harmony.

Mahatma Gandhi",
10/11/2023,,"You're never as good as everyone tells you when you win, and you're never as bad as they say when you lose.

Lou Holtz",
9/20/2023,9/21/2023,"Don't you ever let a soul in the world tell you that you can't be exactly who you are.

Lady Gaga",
,10/11/2023,"How long should you try? Until.

Jim Rohn",
9/19/2023,9/19/2023,"Now and then we had a hope that if we lived and were good, God would permit us to be pirates.

Mark Twain",
9/22/2023,11/18/2023,"If there is no struggle, there is no progress.

Frederick Douglass",
,9/22/2023,"fiction is the truth inside the lie, and the truth of this fiction is simple enough: the magic exists.

Stephen King",
,11/1/2023,"Freedom is not a gift bestowed upon us by other men, but a right that belongs to us by the laws of God and nature.

Benjamin Franklin",
,10/4/2023,"If you'd rather live surrounded by pristine objects than by the traces of happy memories, stay focused on tangible things. Otherwise, stop fixating on stuff you can touch and start caring about stuff that touches you.
Martha Beck",
,9/23/2023,"A woman asked me recently, ""What are the blocks to my happiness?"" I said, ""The belief that you have blocks.""
Wayne Dyer",
9/2/2024,9/26/2023,"Success is not to be pursued; it is to be attracted by the person you become.
Jim Rohn",
2/28/2024,9/24/2023,"I will love the light for it shows me the way, yet I will endure the darkness because it shows me the stars.

Og Mandino",
10/1/2024,9/25/2023,"Someday, everything will make perfect sense. So for now, laugh at the confusion, smile through the tears, be strong and keep reminding your self that everything happens for a reason.

John Mayer",
,9/28/2023,"Winning is great, sure, but if you are really going to do something in life, the secret is learning how to lose.

Wilma Rudolph",
10/3/2023,9/1/2024,"Opportunity is missed by most people because it is dressed in overalls and looks like work.
Thomas A. Edison",
,10/3/2023,"The more light you allow within you, the brighter the world you live in will be.
Shakti Gawain",
4/4/2025,10/2/2023,"May your choices reflect your hopes, not your fears.
Nelson Mandela",
,10/5/2023,"Art flourishes where there is a sense of adventure."" - A.N. Whitehead",
10/7/2023,12/8/2023,"You only have to solve two problems when going to the moon: first, how to get there; and second, how to get back. The key is don't leave until you have solved both problems.
Jim Rohn",
2/12/2025,10/7/2023,"There are no shortcuts because there is no end

Kyuzo Mifune",
4/9/26,10/9/2023,"Life shrinks or expands in proportion to one's courage.
Anais Nin",
,10/10/2023,"It's awfully important to win with humility. It's also important to lose. I hate to lose worse than anyone, but if you never lose you won't know how to act. If you lose with humility, then you can come back.
Bear Bryant",
10/9/2023,9/30/2024,"I was originally supposed to become an engineer but the thought of having to expend my creative energy on things that make practical everyday life even more refined, with a loathsome capital gain as the goal, was unbearable to me.
Albert Einstein",
10/10/2023,11/9/2023,"We are what we pretend to be, so we must be careful what we pretend to be.
Kurt Vonnegut",
10/12/2023,12/10/2023,"I am always ready to learn although I do not always like being taught.
Winston Churchill",
,10/15/2023,"Expose yourself to your deepest fear; after that, fear has no power, and the fear of freedom shrinks and vanishes. You are free.
Jim Morrison",
10/15/2023,2/26/2024,Salt is what makes things taste bad when it isn't in them.,Unknown
5/17/2026,10/20/2023,"He is happiest, be he king or peasant, who finds peace in his home.
Johann Wolfgang von Goethe",
10/27/2023,10/27/2024,"A thousand words will not leave so deep an impression as one deed.
Henrik Ibsen",
10/28/2024,10/27/2023,"There is nothing in a caterpillar that tells you it's going to be a butterfly.
R. Buckminster Fuller",
3/25/2024,10/19/2023,"Love yourself first and everything falls into line.
Lucille Ball",
10/20/2023,10/26/2024,"The soul always knows what to do to heal itself. The challenge is to silence the mind
Caroline Myss",
5/11/2025,10/21/2023,"I have always imagined paradise will be a kind of library
- Jorge Luis Borges",
10/25/2023,1/24/2024,"""Comparison is the thief of joy.""
- Teddy Roosevelt",
,,"""Don't be an asshole.""
-- Chris O'Leary",
7/30/2024,10/30/2023,There are no shortcuts to anywhere worth going.,Hellen Keller
,10/26/2023,"""All truths that are kept silent become poisonous.""
- Friedrich Nietzsche",
10/21/2023,7/31/2024,"""It takes half your life before you discover life is a do-it-yourself project.""
- Napolcon Hill",
10/27/2023,,"Let go or be dragged.
-Zen proverb",
,,"""Every man is guilty of all the good he did not do.""
- Voltaire",
10/23/2023,4/30/2024),"""In a world where information is abundant and easy to access, the real advantage is knowing where to focus.""
- James Clear",
2/25/2024,10/22/2023,"When I was younger,
not fitting in felt like a flaw.
Now it feels like freedom.
John Mark Green",
10/22/2023,2/21/2024,"""Some people will never like you because your spirit irritates their demons.
"" - Denzel Washington",
11/22/2024,10/25/2023,"Don’t ever put your happiness in someone else’s hands. They’ll drop it. They’ll drop it every time.
Christopher Barzak",
,10/24/2023,"It happens to everyone as they grow up. You find out who you are and what you want, and then you realize that people you've known forever don't see things the way you do. So you keep the wonderful memories, but find yourself moving on.
Nicholas Sparks",
10/24/2023,2/25/2024,"Motivation is a fire from within. If someone else tries to light that fire under you, chances are it will burn very briefly.
Stephen Covey",
7/31/2024,10/29/2023,"It is better to create than to learn! Creating is the essence of life.
Julius Caesar",
11/5/2023,10/28/2023,"I don't know the key to success, but the key to failure is trying to please everybody.

Bill Cosby",
4/15/2025,10/312023,"The next time you lose heart and you can’t bear to experience what you’re feeling, you might recall this instruction: change the way you see it and lean in. Instead of blaming our discomfort on outer circumstances or on our own weakness, we can choose to stay present and awake to our experience, not rejecting it, not grasping it, not buying the stories that we relentlessly tell ourselves. This is priceless advice that addresses the true cause of suffering—yours, mine, and that of all living beings.
Pema Chodron",
11/3/2023,3/26/2024,"I'm not in this world to live up to your expectations and you're not in this world to live up to mine.
Bruce Lee",
3/26/2024,11/8/2023,"The value of achievement lies in the achieving.
Albert Einstein",
11/2/2023,3/2/2024,"You cannot make progress without making decisions.
Jim Rohn",
2/18/2025,11/2/2023,"Cutting negative people from my life does not mean I hate them, it simply means I respect me.

Marilyn Monroe",
,11/4/2023,"Nothing in life is to be feared, it is only to be understood. Now is the time to understand more, so that we may fear less.",Marie Curie
,,"This country has a mental health problem disguised as a gun problem, and a tyranny problem disguised as a security problem.
Joe Rogan",
7/23/2024,11/16/2023,"Every achiever that I have ever met says, 'My life turned around when I began to believe in me'.
Robert H. Schuller",
9/22/2024,12/5/2023,"When you're true to who you are, amazing things happen.
Deborah Norville",
,12/14/2023,"God does not need your good works, but your neighbor does.
Martin Luther",
11/11/2023,10/1/2024,"To achieve goals you've never achieved before, you need to start doing things you've never done before.

Stephen Covey",
3/11/2025,11/15/2023,"Never give up on a dream just because of the time it will take to accomplish it. The time will pass anyway.
Earl Nightingale",
4/8/2026,11/10/2023,"Strength is the capacity to break a chocolate bar into four pieces with your bare hands - and then eat just one of the pieces.

Judith Viorst",
,11/13/2023,"Too many people spend money they haven't earned to buy things they don't want to impress people they don't like.
Will Rogers",
,12/4/2023,"""The American Republic will endure until the day Congress discovers that it can bribe the public with the public's money.""",
11/15/2023,7/30/2024,Optimism is the faith that leads to achievement. Nothing can be done without hope and confidence.,Helen Keller
5/10/2025,11/29/2023,"The longer we dwell on our misfortunes, the greater is their power to harm us
Voltaire",
,1/7/2026,"A happy marriage is the union of two good forgivers.
Ruth Graham",
11/30/2023,2/4/2024,"Your success in your career will be in direct proportion to what you do after you've done what you are expected to do.
Brian Tracy",
4/26/2024,11/28/2023,"If you constantly think of illness, you eventually become ill; if you believe yourself to be beautiful, you become so.
Shakti Gawain",
2/24/2024,11/19/2023,"Circumstances may cause interruptions and delays, but never lose sight of your goal.

Mario Andretti",
2/21/2024,11/27/2023,"You can't expect to hit the jackpot if you don't put a few nickels in the machine.
Flip Wilson",
11/29/2023,,"People who try hard to do the right thing always seem mad.
Stephen King",
4/28/2025,1/13/2024,"The point of life is happiness.
Dalai Lama",
2/20/2024,12/1/2023,"The whole purpose of education is to turn mirrors into windows.
Sydney J. Harris",
,12/4/2023,"Self-worth comes from one thing - thinking that you are worthy.
Wayne Dyer",
,12/6/2023,"In three words I can sum up everything I've learned about life: it goes on.
Robert Frost",
11/3/2023,1/23/2024,"The pessimist complains about the wind; the optimist expects it to change; the realist adjusts the sails.
William Arthur Ward",
,2/28/2024,"The opinion which other people have of you is their problem, not yours.
Elisabeth Kubler-Ross",
12/8/2023,12/11/2023,"Success is achieved by developing our strengths, not by eliminating our weaknesses.
Marilyn vos Savant",
5/6/2025,12/9/2023,"A life spent making mistakes is not only more honorable, but more useful than a life spent doing nothing.
George Bernard Shaw",
12/9/2023,2/23/2024,"An intelligent hell would be better than a stupid paradise.
Victor Hugo",
,12/13/2023,"Your life does not get better by chance, it gets better by change.
Jim Rohn",
1/23/2024,2/15/2024,"If we are willing to do the mental work, almost anything can be healed.
Louise Hay",
12/13/2023,2/16/2024,"A fanatic is someone who can't change their mind
and won't change the subject - Winston Churchill.",
,4/25/2024,"You don't have to see the whole staircase, just take the first step.
Martin Luther King, Jr.",
4/22/2025,12/17/2023,,
9/26/2024,12/16/2023,"Never have I dealt with anything more difficult than my own soul, which sometimes helps me and sometimes opposes me.
Al-Ghazali ",
10/21/2024,,"Every life, seen from the inside, is a series of defeats’ – George Orwell.

",
5/5/2025,1/14/2023,"""The evils of government are directly proportional to the
tolerance of the people.
- Frank Kent",
9/21/2024,1/15/2024,"There will come a time when you believe everything is finished; that will be the beginning. ”

― Louis L'Amour",
,1/16/2024,You are not obligated to associate with people who are making your life worse.,Jordan Peterson
9/29/2024,1/17/2024,I was not born to be forced. I will breathe after my own fashion. Let us see who is the strongest. -Henry David Thoreau,
,1/18/2024,"“If you can’t fly then run, if you can’t run then walk, if you can’t walk then crawl, but whatever you do you have to keep moving forward.” Martin Luther King Jr.",
1/24/2024,9:21/2024,"Our greatest glory is not in never failing, but in rising up every time we fail.”

Ralph Waldo Emerson",
4/21/2025,1/20/2024,"The best preparation for good work tomorrow is to do good work today.
Elbert Hubbard",
9/23/2024,1/19/2024,"The opinion of 10,000 men is of no value if none of them know anything about the subject.

Marcus Aurelius",
9/28/2024,2/1/2024,"Experience teaches only the teachable.”

― Aldous Huxley",
10/29/2025,1/22/2024,"Unlike the brain, the stomach alerts you when it’s empty- African proverb",
5/16/2026,1/25/2024,"He who is not angry when there is just cause for anger is immoral. Why? Because anger looks to the good of justice. And if you can live amid injustice without anger, you are immoral as well as unjust.”

― Thomas Aquinas",
1/26/2024,1/26/2024,"""Instead of buying your children all the things you never had, you should teach them all the things you were never taught. Material wears out but Knowledge stays.""
- Bruce Lee",
7/21/2024,1/27/2024,"Don’t just teach your children to read…
Teach them to question what they read.
Teach them to question everything.”

― George Carlin",
3/11/2025,1/28/2023,"The problem with the world is that the intelligent people are full of doubts, while the stupid ones are full of confidence.”

― Charles Bukowski",
,,“We have put together I think the most extensive and inclusive voter fraud organization in the history of American politics.” - Joe Biden,
4/28/2025,3/5/2024,"Politics is the art of looking for trouble, finding it everywhere, diagnosing it incorrectly and applying the wrong remedies. - Groucho Marx",
,2/19/2024,"Jews were asked when life begins. For them it's when they finally graduate medical school.

Evan Sayet",
5/4/2025,1/29/2024,"It's really important to have those people in your life who push you to be better, different.
Jesse Peyronel",
,10/29/2024,"Above all, be the heroine of your life, not the victim.
Nora Ephron.",
10/30/2025,1/31/2024,"The question isn't who is going to let me; it's who is going to stop me.

Ayn Rand",
2/16/2024,,"Edith Wharton quote: There are two ways of spreading light: to be the candle or the...
There are two ways of spreading light: to be the candle or the mirror that reflects it.
Edith Wharton",
,,"Stop wearing your wishbone where your backbone ought to be.
Elizabeth Gilbert",
,1/30/2024,"“The modern world shall not be punished:
It is the punishment.”

~ Nicolas Gomez-Davila”",
,2/3/2024,"It's always hard to wrap up a series. The longer I spend with the characters, the more they become like friends.
Rick Riordan",
,2/2/2024,"There's no better makeup than self-confidence.
Shakira",
2/4/2-24,,"I choose a lazy person to do a hard job. Because a lazy person will find an easy way to do it.
Bill Gates",
2/5/2025,2/5/2024,"I don't care that they stole my idea . . I care that they don't have any of their own

Nikola Tesla",
2/15/2024,9/13/2024,"I've found that luck is quite predictable. If you want more luck, take more chances. Be more active. Show up more often.

Brian Tracy",
3/26/2024,2/6/2024,"Those who will not read are no better off than those who cannot read.
Jim Rohn",
2/6/2024,3/23/2024,"I don't believe you have to be better than everybody else. I believe you have to be better than you ever thought you could be.

Ken Venturi",
2/13/2024,2/13/2024,"The end of the world already happened with the dinosaurs, we're the post apocalyptic monsters. -Weird Howard",
2/14/2024,9/22/2024,"The best and most beautiful things in the world cannot be seen or even touched - they must be felt with the heart.

Helen Keller",
12/11/2024,2/14/2024,"When you are unsure about the future, keep doing what is in front of you with all your heart and with love, and what is meant for you will find you.

Gurumayi Chidvilasananda",
,2/17/2024,"""Traditions are answers that have been discovered to enduring questions.
Sir Roger Scruton",
9/25/2024,2/20/2024,"""The price of anything is the amount
of life you exchange for it.""
- Henry David Thoreau",
,2/22/2024,"May the moments of today become fond memories for tomorrow. Happy Birthday

Rob Jackson",
3/1/2024,3/1/2024,Don't kiss momma when she's sick.  -sick daddy,
,3/4/2024,"""As long as human beings are imperfect, there will always be arguments for extending the power of government to deal with these imperfections. The only logical stopping place is totalitarianism--unless we realize that tolerating imperfections is the price of freedom"" --Thomas Sowell",
3/5/2024,,There will be no quote today -dad,
,3/6/2024,Ignorant men raise questions that wise men answered a thousand years ago.,Johann Wolfgang von Goethe
,3/24/2024,"It's easy to fool the eye but it's hard to fool the heart.

Al Pacino",
,3/9/2024,"Our culture has accepted two huge lies. The first is that if you disagree with someone’s lifestyle, you must fear or hate them. The second is that to love someone means you agree with everything they believe or do. Both are nonsense. You don’t have to compromise convictions to be compassionate.

Rick Warren",
,4/24/2024,"What a terrible era in which idiots govern the blind.

William Shakespeare",
11/8/2024,3/8/2024,"Laughing faces do not mean that there is absence of sorrow!
But it means that they have the ability to deal with it

William Shakespeare",
4/24/2024,5/25/2024,"Young people need models, not critics.
John Wooden",
5/2/2025,3/14/2024,"Life is simple. Everything happens for you, not to you. Everything happens at exactly the right moment, neither too soon nor too late. You don't have to like it... it's just easier if you do.
Byron Katie",
3/14/2024,3/30/2024,"Meditation is not a way of making your mind quiet. It is a way of entering into the quiet that is already there - buried under the 50,000 thoughts the average person thinks every day
Deepak Chopra",
12/15/2025,3/18/2024,"If you're offered a seat on a rocket ship, don't ask what seat! Just get on.
Sheryl Sandberg",
,5/31/2024,"Who can really be faithful in great things if he has not learned to be faithful in the things of daily life?
Dietrich Bonhoeffer",
3/29/2024,3/10/2024,"Plans are worthless, but planning is everything. - Dwight Eisenhower ",
5/1/2025,3/13/2024,"It isn't how much time you spend somewhere that makes it memorable: it's how you spend the time.

David Brenner",
10/22/2024,3/20/2024,"If you think you are too small to make a difference, try sleeping with a mosquito.

Dalai Lama",
,3/21/2024,"Fatherhood is the best thing I ever did. It changes your perspective. You can write a book, you can make a movie, you can paint a painting, but having kids is really the most extraordinary thing I have taken on.

Brad Pitt",
9/24/2024,3/22/2024,"Regardless of what challenge you are facing right now, know that it has not come to stay. It has come to pass. During these times, do what you can with what you have, and ask for help if needed. Most importantly, never surrender. Put things in perspective. Take care of yourself. Find ways to replenish your energy, strengthen your faith and fortify yourself from the inside out.

Les Brown",
,3/25/2024,"A great deal of intelligence can be invested in ignorance when the need for illusion is deep.”

― Saul Bellow",
3/27/2024,3/27/2024,Take care of your body as if you were going to live forever; and take care of your soul as if you were going to die tomorrow.  -Augustine,
,5/6/2025,"When the debate is lost, slander becomes the tool of the loser. -Anonymous",
3/30/2024,3/28/2024,"Rules for happiness: something to do, someone to love, something to hope for.”

― Immanuel Kant",
,3/29/2024,"Every marriage has one person who throws things out, and a garbage-loving chaos goblin who says ""But I was saving that!"" -unknown",
,3/31/2024,Underlying most arguments against the free market is a lack of belief in freedom itself. -Milton Friedman,
3/25/2025,4/1/2024,"God this play's awful. Someone please shoot me."" - Abraham Lincoln",
4/1/2024,8/2/2024,".When in doubt, attribute quotes to Mark Twain. — Mark Twain ",
3/5/2025,4/4/2024,"If everyone is thinking alike, then somebody isn't thinking.

George S. Patton",
4/4/2024,4/2/2024,"""All of humanity's problems stem from man's inability to sit quietly in a room alone.""
- Blaise Pascal -",
3/1/2025,4/3/2024,"You don't understand anything until you learn it more than one way.
Marvin Minsky",
,4/5/2024,"Sometimes painful things can teach us lessons that we didn't think we needed to know.
Amy Poehler",
2/2/2026,4/7/2024,"That which offends you only weakens you. Being offended creates the same destructive energy that offended you in the first place- so transcend your ego and stay in peace.
Wayne Dyer",
9/20/2024,4/6/2024,"
I know the price of success: dedication, hard work, and an unremitting devotion to the things you want to see happen.
Frank Lloyd Wright",
4/5/2024,5/18/2024,"I will love the light for it shows me the way, yet I will endure the darkness because it shows me the stars.

Og Mandino",
4/6/2024,5/16/2024,"Being entirely honest with oneself is a good exercise.
Sigmund Freud",
9/18/2024,4/10/2024,"Don't judge each day by the harvest you reap but by the seeds that you plant.

Robert Louis Stevenson",
,4/11/2024,You are a hurricane of a girl; remember to breathe once in a while. Do not drown within your own storm. -Emma Bleker,
4/12/2024,5/20/2023,"One of the greatest problems of our time is that many are schooled but few are educated.”

― Thomas More",
12/11/2025,4/12/2024,"The less people know, the more stubbornly they know it.”

― Osho",
4/11/2024,2/8/2026,"""One drop does not make a hurricane.” -Bradley Eng-Kohn",
,4/26/2024,"The moment we begin to fear the opinions of others and hesitate to tell the truth that is in us, and from motives of policy are silent when we should speak, the divine floods of light and life no longer flow into our souls.

Elizabeth Cady Stanton",
10/26/2024,4/14/2024,"Stars were
born from
the smiles
of people
like you.”
― Emma Bleker",
,4/21/2024,"Do not touch those who would turn your tenderness into weakness.”
― Emma Bleker",
12/8/2024,4/16/2024,"With all that love
in their hearts, you’d
think they’d save
some for themselves.”
― Emma Bleker",
12/13/2024,5/9/2024,"You should not have to rip yourself into pieces to keep others whole.
-Emma Bleker",
2/11/2026,5/5/2024,"Be brave; dare to love the pieces of yourself no one else will ever see.”
― Emma Bleker",
12/10/2024,4/13/2024,"When a woman becomes her own best friend life is easier.

Diane von Furstenberg",
4/21/2024,4/23/2024,"Love yourself first and everything else falls into line. You really have to love yourself to get anything done in this world.

Lucille Ball",
,2/4/2025,Nothing is more honorable than a grateful heart. Seneca,
2/25/2025,4/19/2024,"You Need a Community, Not a Network -Brook Manville",
12/9/2024,4/20/2024,"It is more civilized to make fun of life than to bewail it.”

― Seneca",
,12/8/2024,"He who has not Christmas in his heart will never find it under a tree.”

― Roy L. Smith",
4/0/2024,5/21/2024,"I count him braver who overcomes his desires than him who conquers his enemies; for the hardest victory is over self. ~ Aristotle

",
,,Many Shubs and Zuuls knew what it was to be roasted in the depths of the Sloar that day I can tell you. -Louis Tully,
,5/19/2024,Many of the truths that we cling to depend greatly on our point of view. -Obi-Wan Kenobi ,
5/4/2024,9/11/2024,"To live halfheartedly, this is the most stupid thing in life. Forever gone is the moment that is gone."" -Yoda",
,5/4/2024,"So great life is, to finish it no way there is. The more you would enter into it, the vaster would be the possibilities that open their doors."" -Yoda",
2/8/2026,10/21/2024,"On many long journeys have I gone. And waited, too, for others to return from journeys of their own. Some return; some are broken; some come back so different only their names remain. -Yoda",
,5/8/2024,"History repeats itself, first as tragedy, second as farce. -Karl Marx",
,,"Most men die at 27, we just bury them at 72”

― Mark Twain",
5/14/2024,5/14/2024,"When you go into court you are putting your fate into the hands of twelve people who weren't smart enough to get out of jury duty.

Norm Crosby",
5/15/2024,5/15/2024,"Life is a tragedy filled with suffering and despair and yet some people do manage to avoid jury duty.

Woody Allen",
,2/5/2025,"You ought to be extremely cautious, watchful, jealous of your liberty; for instead of securing your rights, you may lose them forever.

Patrick Henry",
,5/24/2024,"When a man loves cats, I am his friend and comrade, without further introduction.”

― Mark Twain",
,5/26/2024,The worst pain a man can suffer: to have insight into much and power over nothing. -Herodotus,
12/10/2025,5/27/0202,"When a person can't find a deep sense of meaning, they distract themselves with pleasure.”

― Viktor E. Frankl",
11/10/2024,5/28/2024,Don’t fall in love with success. Fall in love with habits that bring success. -Anonymous ,
,5/29/2024,"When you betray somebody else, you also betray yourself.

Isaac Bashevis Singer",
2/21/2025,5/30/2024,Journey before destination . -Nohadon,
,6:3/2024,"Only do what your heart tells you.

Princess Diana",
2/19/2024,7/13/2024,"""Procrastination is the arrogant assumption that God owes you another opportunity to do what you had time to do"". -unknown",
7/21/2024,4/12/2026,"""That men do not learn very much from the lessons of history is the most important of all the lessons that history has to teach.""
ALDOUS HUXLEY",
,7/17/2024,"""Without God, man builds his hell on earth."" - Cardinal Robert Sarah",
,6/22/2024,"If you believe what you like in the gospels, and reiect what you don't like, it is not the gospel you believe, but yourself.
- ST. AUGUSTINE",
12/7/2024,,"Everything not saved will be lost.
-Nintendo ""Quit Screen"" message",
9/27/2024,6/20/2024,"Hell can't be made attractive, so the devil makes attractive the road that leads there.
St. Basil the Great",
11/19/2025,7/21/2024,"""Only do what your heart tells you.""
-Princess Diana",
2/5/2025,6/18/2024,"""When you tear out a man's tongue, you are not proving him a liar; you're only telling the world that you fear what he might say.
- Tyrion Lannister",
10/29/2024,6/21/2024,"""Your present circumstances don't determine where you can go; they merely determine where you start.""
-Nido Qubein",
10/20/2025,6/19/2024,"The only person you need to be better than is the person you were yesterday.
Bruce Lee",
3/4/2025,7/28/2024,"""Never regret being a good person, to the wrong people. Your behavior says everything about you and their behavior says enough about them.""
- Bruce Lee",
,7/2/2024,"Successful people are always looking for opportunities to help others. Unsuccessful people are always asking, What's in it for me?
Brian Tracy",
11/19/2024,6/24/2024,"It is better to create than to learn! Creating is the essence of life.
Julius Caesar",
10/28/2025,8/1/2024,"It does not matter how slowly you go as long as you do not stop.
Confucius",
9/10/2024,3/8/2026,"I have given a name to my pain, and call it ""dog"".
Friedrich Nietzsche",
,11/16/2024,"What a dog I got, his favorite bone is in my arm.
Rodney Dangerfield",
11/12/2024,6/25/2025,"I used to think the worst thing in life was to end up all alone. It's not. The worst thing in life is to end up with people who make you feel all alone.
Robin Williams",
,7/27/2024,"There's a time for daring and there's a time for caution, and a wise man understands which is called for.
Robin Williams",
4/13/2026,7/3/2024,"Seize the day. Make your life extraordinary.
Robin Williams",
,7/16/2024,"Any fool can know. The point is to understand.
Albert Einstein",
9/8/2024,6/23/2024,"Thinking is more interesting than knowing, but less interesting than looking.
Johann Wolfgang von Goethe",
,7/4/2024,"To travel is to live.

Hans Christian Andersen",
,7/5/2024,"Ăn quả nhớ kẻ trồng cây” – “When eating fruit, remember the one who planted the tree.”",
,7/7/2024,"Trèo cao đáng sợ, trườn thấp chết ngay” – “Climbing high is scary, crawling low leads to death.”",
,,Chớ thấy sóng cả mà ngã tay chèo” – “Don’t let go of the oars just because you see the waves.”,
,7/9/2024,Cái khó ló cái khôn” – “Difficulties make you smarter.”,
,7/11/2024,"Chửa cháy mới lo làm lò” – “When the fire is burning, worry about the stove.”",
,7/6/2024,"Nuôi con khôn, đừng nuôi con ngoan” – “Raise your child to be wise, not obedient.”",
,7/10/2024,Tốt gỗ hơn tốt nước sơn” – “Good wood is better than good paint.”,
,7/12/2024,Ở một chỗ mà chín sự” – “Stay in one place and learn nine things.”,
,,"Có chí thì nên, có nên thì mới tới” – “Where there’s a will, there’s a way.”",
11/20/2024,7/8/2024,Bình tĩnh là vàng” – “Calmness is gold.”,
,7/17/2024,Vạn sự khởi đầu nan” – “A thousand endeavors begin with difficulty.”,
10/4/2024,7/14/2024,"Home is where you will always have a place, where you will always feel loved, and you will never be alone.

Janette Oke",
,7/13/2024,https://youtu.be/kIq8jLj5TzU?feature=shared,
,7/15/2024,"Listen to everyone, read everything but believe nothing unless you can prove it in your own research. -Milton William Cooper",
,7/31/2024,Such is the Life of an Adventurer -Hilda,
7/20/2024,7/4/2024,"Some part of our being knows this is where we came from. We long to return. And we can. Because the cosmos is also within us. We're made of star-stuff. We are a way for the cosmos to know itself.

-Carl Sagan",
,7/3/2024,"“Never do an enemy a small injury”
– Niccolo Machiavelli",
,7/5/2024,Don't take criticism from someone you wouldn't take advice from.,
10/13/2024,7/6/2024,"""I got up early because I wanted to."" - Nobody
Jim Gaffigan",
2/28/2025,7/7/2024,"I never knew a man come to greatness or eminence who lay abed late in the morning.
Jonathan Swift",
2/17/2025,7/8/2024,"The best thing about waking up early is seeing the sun rise.

Bridgit Mendler",
,7/10/2024,"When you have a problem, if you tell the truth, the problem becomes part of your past. If you lie, it becomes part of your future.

Rick Pitino",
8/15/2025,7/11/2024,"If you love a flower, don’t pick it up.
Because if you pick it up it dies and it ceases to be what you love.
So if you love a flower, let it be.
Love is not about possession.
Love is about appreciation.”

― Osho",
9/14/2024,7/12/2024,"There are no secrets to success. It is the result of preparation, hard work, and learning from failure.

Colin Powell",
9/6/2024,7/14/2024,"A plate of apples, an open fire, and a jolly good book are a fair substitute for heaven.

Lucy Maud Montgomery",
11/17/2024,7/15/2024,"May we think of freedom, not as the right to do as we please, but as the opportunity to do what is right.

Peter Marshall)",
,7/16/2024,"There is no exercise better for the heart than reaching down and lifting people up.”

― John Holmes",
7/19/2024,7/18/2024,"We should forgive our enemies, but not before they are hanged”

― Heinrich Heine",
,7/19/2024,"“Stay away from negative people.
They have a problem for every solution.”

― Albert Einstein",
11/16/2024,7/20/2024,"When I am an old woman I shall wear purple
With a red hat which doesn’t go, and doesn’t suit me.
And I shall spend my pension on brandy and summer gloves
And satin sandals, and say we’ve no money for butter.
I shall sit down on the pavement when I’m tired
And gobble up samples in shops and press alarm bells
And run my stick along the public railings
And make up for the sobriety of my youth.
I shall go out in my slippers in the rain
And pick flowers in other people’s gardens
And learn to spit.

You can wear terrible shirts and grow more fat
And eat three pounds of sausages at a go
Or only bread and pickle for a week
And hoard pens and pencils and beermats and things in boxes.

But now we must have clothes that keep us dry
And pay our rent and not swear in the street
And set a good example for the children.
We must have friends to dinner and read the papers.

But maybe I ought to practise a little now?
So people who know me are not too shocked and surprised
When suddenly I am old, and start to wear purple.

By: Jenny Joseph.",
,7/21/2024,The only way to deal with fear is to face it head-on.” – Seneca,
,7/23/2024,"""The important thing in life is not the triumph but the fight; the essential thing is not to have won, but to have fought well."" -Olympic Creed",
2/12/2026,7/24/2024,Never reply when you are angry. Never make a promise when you are happy. Never make a decision when you are sad.” – Anonymous,
,2/19/2025,"You are what you do, not what you say you'll do. Carl Jung",
4/6/2025,7/25/2024,"That which can be destroyed by the truth, should be. -P.C. Hodgell",
,11/17/2024,"The Purpose of Propaganda is to make one set of people forget that other sets of people are human.
- Aldous Huxley",
,9/12/2024,"""It needs but one foe to breed a war, not two, Master Warden,' answered Éowyn. 'And those who have not swords can still die upon them."" — J.R.R. Tolkien, Lord of the Rings",
,7/26/2024,"Happiness held is the seed; Happiness shared is the flower.”

― John Harrigan",
,7/28/2024,I understand being a responsible adult...but every day? Every single day? That seems a little excessive...,
2/14/2025,7/29/2024,"You need Power,
only when you want
to do something harmful
otherwise
Love is enough to get everything done.”

― Charlie Chaplin",
4/5/2025,9/5/2024,"One doesn't discover new lands without consenting to lose sight, for a very long time, of the shore.

Andre Gide",
9/5/2024,9/8/2024,"Let others lead small lives, but not you. Let others argue over small things, but not you. Let others cry over small hurts, but not you. Let others leave their future in someone else's hands, but not you.

Jim Rohn",
2/13/2025,9/4/2024,"Many of the things you can count, don't count. Many of the things you can't count, really count.

Albert Einstein)",
12/19/2025,,"Sorrow prepares you for joy. It violently sweeps everything out of your house, so that new joy can find space to enter. It shakes the yellow leaves from the bough of your heart, so that fresh, green leaves can grow in their place. It pulls up the rotten roots, so that new roots hidden beneath have room to grow. Whatever sorrow shakes from your heart, far better things will take their place.

Rumi",
10/7/2024,9/3/2024,"Let us forget with generosity those who cannot love us

Pablo Neruda",
10/4/2025,9/20/2024,"Run when you can, walk if you have to, crawl if you must; just never give up.

Dean Karnazes",
8/14/2025,9/2/2024,"Successful people have libraries. The rest have big screen TVs

Jim Rohn",
9/4/2024,,"O sleep! O gentle sleep! Nature's soft nurse.

William Shakespeare",
1/27/2026,9/9/2024,"Fear is the main source of superstition, and one of the main sources of cruelty. To conquer fear is the beginning of wisdom.

Bertrand Russell",
10/9/2024,9/6/2024,"Love is the ability and willingness to allow those that you care for to be what they choose for themselves without any insistence that they satisfy you.

Wayne Dyer",
,9/7/2024,"The place where you made your stand never mattered. Only that you were there... and still on your feet.

Stephen King",
,10/4/2025,"A nation of sheep will beget a government of wolves.

Edward R. Murrow",
,10/9/2024,"Violinist Fritz Kreisler once said, “When I don’t practice for one day, I notice it.  When I don’t practice for two days, the orchestra notices it.  And when I don’t practice for three days, the audience notices it.”",
,2/13/2025,"It is impossible to struggle for civil rights, equal rights for blacks, without including whites. Because equal rights, fair play, justice, are all like the air: we all have it, or none of us has it. That is the truth of it.

Maya Angelou",
10/14/2024,11/20/2024,"Sometimes painful things can teach us lessons that we didn't think we needed to know.

Amy Poehler",
9/7/2024,9/25/2024,"Progress isn't made by early risers. It's made by lazy men trying to find easier ways to do something.

Robert A. Heinlein",
9/11/2024,2/25/2025,"I don’t know a perfect person. I only know flawed people who are still worth loving.

John Green",
4/7/2025,9/10/2024,"The reason why many fail in battle is because they wait until the hour of battle. The reason why others succeed is because they have gained their victory on their knees long before the battle came. Anticipate your battles; fight them on your knees before temptation comes, and you will always have victory.

R. A. Torrey",
,9/18/2024,"Courage is grace under pressure.

Ernest Hemingway",
9/12/2024,2/18/2025,"No amount of anxiety makes any difference to anything that is going to happen.

Alan Watts",
,10/4/2024,"One of the most tragic things I know about human nature is that all of us tend to put off living. We are all dreaming of some magical rose garden over the horizon instead of enjoying the roses that are blooming outside our windows today.

Dale Carnegie",
9/13/2024,10/14/2024,"Nothing is more destined to create deep-seated anxieties in people than the false assumption that life should be free from anxieties.

Fulton J. Sheen",
,10/30/2024,"Think of all the beauty still left around you and be happy.

Anne Frank",
,9/15/2024,"Accept the challenges so that you can feel the exhilaration of victory.

George S. Patton",
2/20/2025,9/14/2024,"All things are difficult before they are easy.

Thomas Fuller)",
9/17/2024,11/9/2024,"But now I wonder--what if everyone is pretty much the same and it's just a thousand small choices that add up to the person you are? No good or evil, no black and white, no inner demons or angels whispering the right answers in our ears like it's some cosmic SAT test. Just us, hour by hour, minute by minute, day by day,making the best choices we can. The thought is horrifying. If that's true, then there's no right choice. There's only choice.

Holly Black",
,9/17/2024,"Not surprisingly, the place we're most likely to experience testing is exactly where we struggle most to trust God.

Bruce Wilkinson",
9/19/2024,9/19/2024,"But surely ""Argh"" is the sound of a sort of strangulated scream.
""Aargh"" is the sound of a stabbing, or a falling off a cliff.
""Arr"" is, I think, the noise you're looking for. It's the noise pirates make when they don't have anything better to do.
Neil Gaiman",
12/14/2025,10/7/2024,"Even the darkest night will end and the sun will rise.
Victor Hugo",
,10/24/2024,"My best successes came on the heels of failures.
Barbara Corcoran",
1/31/2025,9/26/2024,"Don't believe everything you hear - even in your own mind.
Daniel Amen",
5/9/2025,9/24/2024,"When everything seems to be going against you, remember that the airplane takes off against the wind, not with it.
Henry Ford",
11/9/2024,9/23/2024,"Adversity is just change that we haven't adapted ourselves to yet.

Aimee Mullins",
3/8/2025,10/3/2024,"I hope that real love and truth are stronger in the end than any evil or misfortune in the world.

Charles Dickens",
10/2/2024,1/8/2025,"Sensations are the great things, after all. Should you ever be drowned or hung, be sure and make a note of your sensations; they will be worth to you ten guineas a sheet.

Edgar Allan Poe",
3/6/2025,10/2/2024,"I’m always looking for the monster. Not even just in horror. I want them in everything. Just give me the monsters. Logical conclusions don’t satisfy. Monsters satisfy, absolutely.

Victor LaValle",
10/3/2024,4/1/2025,"I used to wake up at 4 A.M. and start sneezing, sometimes for five hours. I tried to find out what sort of allergy I had but finally came to the conclusion that it must be an allergy to consciousness.

James Thurber",
,10/8/2024,"If we learn to open our hearts, anyone, including the people who drive us crazy, can be our teacher.

Pema Chodron",
10/11/2024,,"Autumn leaves shower like gold, like rainbows, as the winds of change begin to blow, signaling the later days of autumn.

Dan Millman",
,10/11/2024,"I notice that Autumn is more the season of the soul than of nature.

Friedrich Nietzsche",
,10/12/2024,"Every leaf speaks bliss to me, fluttering from the autumn tree.

Emily Bronte",
10/12/2024,10/20/2024,"I'm so glad I live in a world where there are Octobers.

Lucy Maud Montgomery",
1/30/2025,10/13/2024,"The three horrors of modern life - talk without meaning, desire without love, work without satisfaction.

Mignon McLaughlin",
10/16/2024,11/8/2024,"The ultimate reason for setting goals is to entice you to become the person it takes to achieve them

Jim Rohn",
10/15/2024,10/15/2024,"In winter there is no heat, no light, no noon, evening touches morning, there is fog, and mist, the window is frosted, and you cannot see clearly. The sky is but the mouth of a cave. The whole day is the cave.... Frightful season! Winter changes into stone the water of heaven and the heart of man.

Victor Hugo",
10/24/2024,10/23/2024,"The truth is, I pretend to be a cynic, but I am really a dreamer who is terrified of wanting something she may never get.

Joanna Hoffman",
12/2/2024,10/16/2024,"Never underestimate your power to change yourself; never overestimate your power to change others.

Wayne Dyer",
10/18/2024,12/15/2024,"When we are no longer able to change a situation - we are challenged to change ourselves.

Viktor E. Frankl",
12/13/2025,10/18/2024,"Make failure your teacher, not your undertaker.

Zig Ziglar",
11/21/2024,8/19/2025,"A person who never made a mistake never tried anything new.

Albert Einstein",
,10/17/2024,"Failure is merely feedback that there is something blocking the path of the emergence and expansion of the greatest version of yourself.

Mother Teresa",
,10/19/2024,"good morning!

""Not all who wander are lost. But you pretty much were.""

-J.R.R. Tolkien & Dad",
11/14/2025,10/22/2024,"Who has deceived thee as oft as thyself.

Benjamin Franklin",
11/13/2024,2/1/2025,"Too many of us are not living our dreams because we are living our fears.

Les Brown",
10/23/2024,,"Two little mice fell in a bucket of cream. The first mouse quickly gave up and drowned. The second mouse, wouldn't quit. He struggled so hard that eventually he churned that cream into butter and crawled out. Gentlemen, as of this moment, I am that second mouse.

Frank Abagnale",
10/25/2024,11/14/2025,"The best way to make your dreams come true is to wake up.

Paul Valery",
,10/25/2024,"Mail your packages early so the post office can lose them in time for Christmas.

Johnny Carson",
2/1/2025,10/29/2024,"Courage is how bad you want it.

Joe Frazier",
10/31/2024,10/31/2024,"Children are not a distraction from more important work. They are the most important work.

—CS Lewis",
11/7/2024,11/12/2024,"If the world seems cold to you, kindle fires to warm it.

Lucy Larcom",
,11/7/2024,"We must take human nature as we find it, perfection falls not to the share of mortals.

George Washington",
1/28/2025,11/10/2024,"Do not accept anything  as the truth if it lacks love, do not accept anything as love which lacks truth. -St. Teresa Benedicta of the Cross",
,11/13/2024,Think lightly of yourself and deeply of the world. -Miyamoto Musashi,
4/25/2025,11/14/2024,"They muddy the water, to make it seem deep.
Friedrich Nietzsche",
11/12/2024,,"""In times like these, it helps to recall that there have always been times like these.""
—Paul Harvey",
,11/12/2024,"""If you are ever tempted to look for outside approval, realize that you have compromised your integrity. If you need a witness, be your own.""
- Epictetus",
11/14/2024,2/28/2025,"It should be the highest ambition of every American to extend his views beyond himself, and to bear in mind that his conduct will not only affect himself, his country, and his immediate posterity; but that its influence may be co-extensive with the world, and stamp political happiness or misery on ages yet unborn.” —George Washington (1789)",
11/15/2024,1/27/2025,"One test of the correctness of educational procedure is the happiness of the child.

Maria Montessori",
,2/9/2025,"The ruins of ancient Carthage make me yearn for Carthage, not ruins. -Bradley Eng-Kohn",
11/18/2024,,"Don’t kill if you can wound, don’t wound if you can subdue, don’t subdue if you can pacify, and don’t raise your hand at all until you’ve first extended it.” - Wonder Woman",
,11/18/2024,"""Anatomy is to physiology as geography is to history; it describes the theatre of events."" ~ Jean Fernel",
2/9/2025,11/19/2024,"Be careful who you call your friends. I’d rather have four quarters than one hundred pennies.”

― Al Capone",
3/27/2025,11]21]2024,"""Everything you say should be true, but not everything true should be said."" ~ Voltaire",
11/26/2024,12/7/2024,"Men occasionally stumble over the truth, but most of them pick themselves up and hurry off as if nothing had happened.
Winston Churchill",
11/25/2024,3/29/2025,"Don't watch the clock; do what it does. Keep going.
Sam Levenson",
11/23/2024,1/28/2025,"If you constantly think of illness, you eventually become ill; if you believe yourself to be beautiful, you become so.
Shakti Gawain",
12/3/2024,11/22/2024,"""Change happens not by trying to make yourself change, but by becoming conscious of what's not working."" ~ Shakti Gawain",
11/24/2024,12/13/2024,You don't have a soul. You are a soul. You have a body. — C.S. Lewis,
,2/7/2025,"You don't need a reason to love something, and you shouldn't have a reason to hate anything. - Bradley Eng-Kohn",
12/4/2024,3/18/2025,"Self-control is strength. Right thought is mastery. Calmness is power. ”

― James Allen",
,12/4/2024,"Comfort is the worst addiction."" - Marcus Aurelius",
12/5/2024,12/5/2024,"""The first fall of snow is not only an event, it is a magical event. You go to bed in one kind of a world and wake up in another quite different, and if this is not enchantment then where is it to be found?"" ~ J. B. Priestley",
12/6/2024,1/9/2025,"The moment you doubt whether you can fly, you cease for ever to be able to do it.”
― J. M. Barrie",
12/12/2024,12/14/2024,"To live will be an awfully big adventure.”
― J.M. Barrie,",
,12/12/2024,"Those who bring sunshine to the lives of others cannot keep it from themselves.”
― J.M. Barrie",
4/24/2025,12/6/2024,"Shall we make a new rule of life from tonight: always try to be a little kinder than is necessary?”
― J.M. Barrie",
,12/11/2024,"The prospect of a long day at the beach makes me panic. There is no harder work I can think of than taking myself off to somewhere pleasant, where I am forced to stay for hours and 'have fun'. ~ Phillip Lopate",
12/14/2024,2/11/2025,The victory's in believing. ~ James Russell Lowell,
12/20/2025,12/16/2024,"I will honour Christmas in my heart, and try to keep it all the year.” -Charles Dickens ",
,12/17/2024,"""And the Grinch, with his Grinch-feet ice cold in the snow, stood puzzling and puzzling, how could it be so? It came without ribbons. It came without tags. It came without packages, boxes or bags. And he puzzled and puzzled 'till his puzzler was sore. Then the Grinch thought of something he hadn't before. What if Christmas, he thought, doesn't come from a store. What if Christmas, perhaps, means a little bit more."" ~ Dr. Seuss",
,12/18/2024,"""I truly believe that if we keep telling the Christmas story, singing the Christmas songs, and living the Christmas spirit, we can bring joy and happiness and peace to this world."" ~ Norman Vincent Peale",
,12/19/2024,"""Blessed is the season which engages the whole world in a conspiracy of love."" ~ Hamilton Wright Mabie",
12/21/1025,12/21/2025,"A wink of his eye and a twist of his head,
Soon gave me to know I had nothing to dread;
He spoke not a word, but went straight to his work,
And filled all the stockings; then turned with a jerk,
And laying his finger aside of his nose,
And giving a nod, up the chimney he rose;
He sprang to his sleigh, to his team gave a whistle,
And away they all flew like the down of a thistle.
But I heard him exclaim, ere he drove out of sight,
“Happy Christmas to all, and to all a good night!” Clement C. Moore",
1/27/2026,1/1/2025,"""Every moment is a new beginning."" ~ Elie Wiesel",
,1/2/2025,"""Life is simple. Everything happens for you, not to you. Everything happens at exactly the right moment, neither too soon nor too late. You don't have to like it... it's just easier if you do."" ~ Byron Katie",
4/24/2026,1/3/2025,"""You don't have to see the whole staircase, just take the first step."" ~ Martin Luther King, Jr.",
,1/4/2025,"""When you dance, your purpose is not to get to a certain place on the floor. It's to enjoy each step along the way."" ~ Wayne Dyer",
12/6/2025,1/5/2025,"""Life begins now -- right now -- not tomorrow or the next day or the next. Every minute of every hour of every day, life begins anew. That means everything can change in an instant. It also means you can have a new beginning whenever you want."" ~ Neale Donald Walsch",
,,"It is best to act with confidence, no matter how little right you have to it.

Lillian Hellman",
10/24/2025,1/7/2025,"""When obstacles arise, you change your direction to reach your goal; you do not change your decision to get there."" ~ Zig Ziglar",
,1/8/2025,"""The man who moves a mountain begins by carrying away small stones."" ~ Confucius",
,1/6/2025,"""The mind is not a vessel to be filled but a fire to be kindled."" ~ Plutarch",
2/27/2025,1/11/2025,"""As you get older three things happen. The first is your memory goes, and I can't remember the other two."" ~ Norman Wisdom",
,1/10/2025,"""Facebook just sounds like a drag, in my day seeing pictures of peoples vacations was considered a punishment"" ~ Betty White",
,1/15/2025,"""The empty vessel makes the loudest sound."" ~ William Shakespeare",
,1/12/2025,"""The road to success is always under construction."" ~ Lily Tomlin",
,1/14/2025,"Talent is cheaper than table salt. What separates the talented individual from the successful one is a lot of hard work.

Stephen King",
,,"""There is no worse sorrow than remembering happiness in the day of sorrow."" ~ Alfred de Musset",
,1/13/2025,"""Every man has his secret sorrows which the world knows not; and often times we call a man cold when he is only sad."" ~ Henry Wadsworth Longfellow",
,4/25/2025,"""There is a sacredness in tears. They are not the mark of weakness, but of power. They speak more eloquently than ten thousand tongues. They are the messengers of overwhelming grief, of deep contrition, and of unspeakable love."" ~ Washington Irving",
,,"""There is no greater sorrow than to recall happiness in times of misery."" ~ Dante Alighieri",
,1/23/2025,"Anybody can become angry - that is easy, but to be angry with the right person and to the right degree and at the right time and for the right purpose, and in the right way - that is not within everybody's power and is not easy.

Aristotle",
10/15/2025,4/24/2025,"""It's kind of rebellious to be yourself."" ~ Kate Moss",
,1/25/2025,"""Just because you made a mistake doesn't mean you are a mistake."" ~ Georgette Mosbacher",
12/18/2025,1/22/2025,".""Be master of your petty annoyances and conserve your energies for the big, worthwhile things. It isn't the mountain ahead that wears you out - it's the grain of sand in your shoe."" ~ Robert W. Service",
3/1/2026,1/21/2025,"""It is easier to endure than to change. But once one has changed, what was endured is hard to recall."" ~ Susan Sontag",
,1/19/2025,"""Anything which is troubling you, anything which is irritating you, THAT is your teacher."" ~ Ajahn Chah",
2/7/2025,1/20/2025,"""In the end, more than freedom, they wanted security. They wanted a comfortable life, and they lost it all – security, comfort, and freedom. When the Athenians finally wanted not to give to society but for society to give to them, when the freedom they wished for most was freedom from responsibility, then Athens ceased to be free and was never free again."" ~ Edward Gibbon",
5/32025,1/17/2025,"""People would rather be wrong than be different."" ~ Henry Jacobsen",
3/7/2025,1/16/2025,"""Fear less, hope more. Eat less, chew more. Talk less, say more. Hate less, love more."" ~ Abigail Van Buren",
2/26/2025,1/24/2025,"""In the end, it's not what you do for your children but what you've taught them to do for themselves."" ~ Ann Landers",
3/24/2025,1/18/2025,"""Opportunities are usually disguised as hard work, so most people don't recognize them."" ~ Ann Landers",
2/11/2025,1/26/2025,"""When a great adventure is offered, you don't refuse it."" ~ Amelia Earhart",
1/29/2025,1/29/2025,"""Much effort, much prosperity."" ~ Euripides",
,1/30/2025,"History lives in us, whether we learn it or not. -Jame Eagan",
,1/31/2025,The remembered man does not decay. -Kier Eagan,
2/10/2025,2/2/2025,The acquisition of skills is one of the most satisfying parts of being alive. It's a wish granted in slow motion. - Eight Billion Genies,
,2/6/2025,"Raise your words, not voice. It is rain that grows flowers, not thunder.”

― Rumi",
2/6/2025,9/30/2025,"In disquisitions of every kind there are certain primary truths, or first principles, upon which all subsequent reasoning must depend.” —Alexander Hamilton ",
10/23/2025,2/10/2025,"True friends are like stars; you can only recognize them when it's dark around you.

Bob Marley",
,2/12/2025,"What the herd hates most is the one who thinks differently; it is not so much the opinion itself, but the audacity of wanting to think for themselves  -Arthur Schopenhauer",
,2/14/2025,"Life is short. Kiss slowly, laugh insanely, love truly and forgive quickly

Paulo Coelho",
,2/17/2025,"""I'm so grateful that I didn't end up with what I thought I wanted."" - Justin Bieber",
2/15/2025,2/15/2025,Sometimes your only closure is knowing you had good intentions and a good heart. -unknown,
,2/20/2025,Mercy to the guilty is cruelty to the innocent.” ― Adam Smith,
,2/21/2025,"The quality of mercy is not strained. Upon the place beneath. It is twice blest: It blesseth him that gives and him that takes.....It is an attribute to God Himself; And earthly power doth then show likest God's When mercy seasons justice."" - Shakespeare.

",
2/16/2025,2/27/2025,"""It is not death that a man should fear, but he should fear never beginning to live.' -Marcus Aurelius",
1/23/2026,2/16/2025,"If you stick a knife in my back 9 inches and pull it out 6 inches, that's not progress. If you pull it all the way out, that's not progress. Progress is healing the wound that the blow made. They haven't pulled the knife out; they won't even admit that it's there."" Malcom X",
,2/22/2025,"""Growing old is mandatory; growing up is optional."" ~ Chili Davis",
4/3/2025,2/26/2025,"Life is not a problem to be solved, but a reality to be experienced.” Søren Kierkegaard",
,3/3/2025,"Most people are other people. Their thoughts are someone else's opinions, their lives a mimicry, their passions a quotation.”

― Oscar Wilde",
12/8/2025,4/5/2025,Substituting democratic decision making for what should be private decision-making is nothing less than tyranny dressed up. -Walter E. Williams,
,3/1/2025,Nothing is hopeless; we must hope for everything. (Euripides),
,4/10/2025,Be patient and tough; someday this pain will be useful to you. (Ovid),
,4/3/2025,Right is right even if no one is doing it; wrong is wrong even if everyone is doing it. (Augustine),
3/3/2025,3/30/2025,"He suffers more than necessary, the one who suffers before it is necessary. (Seneca)",
,3/15/2025,What cannot be said will be wept. (Sappho),
,3/2/2025,Dreams are great magicians. (Lucian),
3/2/2025,4/19/2025,"There is a time for many words, and there is also a time for sleep. (Homer)",
,3/16/2025,He who laughs at himself never runs out of things to laugh at. (Epictetus),
,3/4/2025,"""To move, to breathe, to fly, to float, To gain all while you give, To roam the roads of lands remote, To travel is to live."" ~ Hans Christian Andersen",
,3/5/2025,Cada cual sabe dónde le aprieta el zapato” (Everyone knows where their shoe pinches),
,3/6/2025,Dime con quién andas y te diré quién eres” (Tell me who you walk with and I’ll tell you who you are),
,3/7/2025,Más sabe el diablo por viejo que por diablo” (The devil knows more from being old than from being the devil),
,3/8/2025,"El que madruga, Dios lo ayuda” (God helps those who wake up early)",
,3/9/2025,"Barriga llena, corazón contento” (Full belly, happy heart)",
,3/10/2025,Camarón que se duerme se lo lleva la corriente” (The shrimp that sleeps gets carried away by the current),
,3/11/2025,"Donde comen dos, comen tres” (Where two eat, three can eat)",
,3/12/2025,Nunca es tarde si la dicha es buena. (It’s never late if the joy is good.),
,3/13/2025,"""In the mind, in the heart, I was always home. I always imagined, really, going back home."" ~ Miriam Makeba",
,3/20/2025,"We cannot continue to send our children to Caesar for their education and be surprised when they come home as Romans.”
― Voddie T. Baucham Jr.",
3/14/2025,3/14/2025,"Love is like Pi: natural, irrational, and very important.

Lisa Hoffman",
,3/17/2025,Don’t be breaking your shin on a stool that’s not in your way. -Irish saying,
12/5/2026,3/19/2025,"“My fault, my failure, is not in the passions I have, but in my lack of control of them.”

― Jack Kerouac",
12/7/2025,3/24/2025,Each new day is a blank page in the diary of your life. The secret of success is in turning that diary into the best story you possibly can.” — Douglas Pagels,
,3/25/2025,"Success is the sum of small efforts, repeated day in and day out.” — Robert Collier",
,3/26/2025,You can learn something every day if you pay attention.” — Ray LeBlond,
,3/27/2025,"I’m slowly learning that even if I react, it won’t change anything, it won’t make people suddenly love and respect me, it won’t magically change their minds. Sometimes it’s better to just let things be, let people go, don’t fight for closure, don’t ask for explanations, don’t chase answers and don’t expect people to understand where you’re coming from. I’m slowly learning that life is better lived when you don’t center it on what’s happening around you and center it on what’s happening inside you instead. Work on yourself and your inner peace and you’ll come to realize that not reacting to every little thing that bothers you is the first ingredient to living a happy and healthy life. -Rania Naim",
,,"when death
takes my hand
i will hold you with the other
and promise to find you
in every lifetime”

― Rupi Kaur",
,3/28/2025,"""I do not love the sword for its sharpness, nor the arrow for its swiftness, nor the warrior for his glory. I love only what they defend."" -Faramir",
,3/31/2025,"If America could be, once again, a nation of self-reliant farmers, craftsmen, hunters, ranchers, and artists, then the rich would have little power to dominate others. Neither to serve nor to rule: That was the American dream.”

― Edward Abbey",
3/8/2026,4/2/2026,"The secret is there is no secret.
Consistency over intensity.
Progress over perfection.
Fundamentals over fads.
Over and over again.",
4/11/2025,4/4/2025,Worry is a misuse of imagination. – Dan Zadra,
,4/7/2026,"Hating people is like burning down your own house to get rid of a rat.
Harry Emerson Fosdick",
,4/6/2025,"""The way we communicate with others and with ourselves ultimately determines the quality of our lives."" ~ Tony Robbins",
,4/9/2025,"Imagine being bitten by a snake and instead of trying to help yourself heal and recover from the poison, you try to catch the snake, to find out the reason it bit you to prove to it that you didn’t deserve that. -unknown monk",
,4/11/2025,"Gratitude unlocks the fullness of life. It turns what we have into enough, and more. It turns denial into acceptance, chaos to order, confusion to clarity. It can turn a meal into a feast, a house into a home, a stranger into a friend.

Melody Beattie",
4/12/2025,4/12/2025,"""holy smokes! It is snowing in the middle of April!""

-Dad",
,4/13/2025,"Believe in yourself, even if no one else does. -Sasquatch",
,4/14/2025,"When people fall in love with someone's flowers, but not their roots, they don't know what
to do when autumn comes. -Dr. Bolu Oladini",
,4/17/2025,Best friends make the good times better and the hard times easier.” – Unknown,
4/23/2025,4/23/2025,"You can beat 40 scholars with one fact, but you can't beat one idiot with 40 facts.” —Jalauddin Rumi",
,10/11/2025,"I will not age gracefully— I will age vengefully, I will twist and bend like the trunks of ancient trees until I burst into a shrieking murder of crows leaving a foreboding hum of cursed
magic on the very ground I inhabited @Jamberee13",
11/24/2025,4/15/2025,"""The assumption that what currently exists must necessarily exist is the acid that corrodes all visionary thinking."" ~ Murray Bookchin",
4/18/2026,6/27/2025,"He uses statistics as a drunken man uses lamp-posts... for support rather
than illumination.""
-Andrew Lang ",
,4/22/2025,"I have never killed a man, but I have read many obituaries with great
pleasure.""
-Clarence Darrow",
5/13/2025,5/26/2025,"I've had a perfectly wonderful evening. But I'm afraid this wasn't it.""
-Groucho Marx",
4/14/2025,5/28/2025,"Is it possible to mistake schizophrenia for telepathy, I hear you ask"" - Jordan Brookes",
,4/18/2025,If you're ever scared you're a bad person remember that bad people don't care about being better. -unknown,
,4/20/2025,"""Hope has two beautiful daughters; their names are Anger and Courage. Anger at the way things are, and Courage to see that they do not remain as they are."" ~ Saint Augustine",
4/29/2025,4/2/2025,"""There is a crack in everything, that's how the light gets in."" ~ Leonard Cohen",
,5/2/2025,"""Once you choose hope, anything's possible"" ~ Christopher Reeve",
4/20/2025,10/12/2025,"""I am not an optimist, because I am not sure that everything ends well. Nor am I a pessimist, because I am not sure that everything ends badly. I just carry hope in my heart. Hope is the feeling that life and work have a meaning. You either have it or you don't, regardless of the state of the world that surrounds you. Life without hope is an empty, boring, and useless life. I cannot imagine that I could strive for something if I did not carry hope in me. I am thankful to God for this gift. It is as big as life itself."" ~ Vaclav Havel",
4/27/2025,5/27/2025,We are the universe experiencing itself.” — Carl Sagan,
10/13/2025,4/27/2025,"You are not a drop in the ocean. You are the entire ocean in a drop.”
— Rumi",
,4/26/2025,"Somewhere, something incredible is waiting to be known.”
— Carl Sagan",
,4/29/2025,"We are such stuff as dreams are made on, and our little life is rounded with a sleep.”
— William Shakespeare",
4/26/2025,5/18/2025,"Man is nothing else but what he makes of himself.”
— Jean-Paul Sartre",
,5/19/2025,"The universe is not only stranger than we imagine, it is stranger than we can imagine.”
— J.B.S. Haldane",
,4/28/2025,"Time is an illusion. Lunchtime doubly so.”
— Douglas Adams",
,,"I think, therefore I am.”
— René Descartes",
,7/6/2025,"To see a World in a Grain of Sand / And a Heaven in a Wild Flower,
Hold Infinity in the palm of your hand / And Eternity in an hour.”
— William Blake",
5/13/2026,5/13/2025,"I am always doing that which I cannot do, in order that I may learn how to do it.

Pablo Picasso",
10/12/2025,5/15/2025,"The only limit to our realization of tomorrow will be our doubts of today.
Franklin D. Roosevelt",
,4/28/2025,"Happiness is a choice, not a result. Nothing will make you happy until you choose to be happy. No person will make you happy unless you decide to be happy. Your happiness will not come to you. It can only come from you.

Ralph Marston",
11/22/2025,5/1/2025,Let's be jumping buddies. Let's just eat dessert and jump up and down and up and down and up and down all day. It'll be our thing. -Dr. Doofenshmirtz,
5/8/2025,5/14/2025,"""Everyone wants to live on top of the mountain, but all the happiness and growth occurs while you're climbing it."" ~ Andy Rooney",
,6/25/2025,"""The greatest weariness comes from work not done."" ~ Eric Hoffer",
,5/8/2025,"""All the good stuff is on the other side of tired."" ~ Andre Agassi",
,5/12/2025,"I am not going to sit on my ass as the events that affect me unfold to determine the course of my life. I’m going to take a stand. I’m going to defend it. Right or wrong, I’m going to defend it.” — Cameron Frye",
,5/17/2025,"Life moves pretty fast. If you don’t stop and look around once in a while, you could miss it.” — Ferris Bueller",
,5/16/2025," Sometimes you gotta say ""What the Fuck"", make your move. Joel, every now and then, saying ""What the Fuck"", brings freedom. Freedom brings opportunity, opportunity makes your future.  -Miles Dalby",
5/15/2025,5/24/2025,I don’t wake up to be ordinary.” – Ferris Bueller,
5/12/2025,5/23/2025,"""What makes a child gifted and talented may not always be good grades in school, but a different way of looking at the world and learning."" ~ Chuck Grassley",
5/14/2025,5/31/2025,"""Resistance is greatest just before the finish line."" ~ Steven Pressfield",
5/16/2025,5/30/2025,"It is better to look ahead and prepare than to look back and regret.

Jackie Joyner-Kersee",
5/17/2025,10/13/2025,"""The combination of rumination and negative mood is toxic. Research shows that people who ruminate while sad or distraught are likely to feel besieged, powerless, self-critical, pessimistic, and generally negatively biased."" ~ Sonja Lyubomirsky",
5/18/2025,5/21/2025,"""You don't drown by falling in the water; you drown by staying there."" ~ Edwin Louis Cole",
,5/20/2025,"This is my wish for you; Comfort on difficult days, smiles when sadness intrudes, rainbows to follow the clouds, laughter to kiss your lips. Sunsets to warm your heart, hugs when spirits sag, beauty for your eyes to see, friendships to brighten your being. Faith so that you can believe, confidence for when you doubt, courage to know yourself, patience to accept the truth, Love to complete your life.
Ralph Waldo Emerson",
11/9/2025,5/22/2025,"""Three things tell a man: his eyes, his friends and his favorite quotes"" ~ Immanuel Kant",
,3/7/2026,"Losers live in the past. Winners learn from the past and enjoy working in the present toward the future.
Denis Waitley",
,5/29/2025,"""To acquire knowledge, one must study; but to acquire wisdom, one must observe."" ~ Marilyn vos Savant",
,6/1/2025,"""O bed! O bed! delicious bed! That heaven upon earth to the weary head."" ~ Thomas Hood",
,6/2/2025,"""Luck? I don't know anything about luck. I've never banked on it and I'm afraid of people who do. Luck to me is something else: Hard work - and realizing what is opportunity and what isn't."" ~ Lucille Ball",
3/7/2026,6/5/2025,"""When one door closes another door opens. Usually a refrigerator."" ~ Bonnie McFarlane",
,6/11/2025,No por mucho madrugar amanece más temprano” (Dawn doesn’t come earlier just because you wake up early) -Peruvian saying,
,6/12/2025,"Barriga llena, corazón contento” (Full belly, happy heart) -Peruvian saying",
,6/13/2025,A Dios rogando y con el mazo dando” (Praying to God while wielding the mallet) -Peruvian saying,
,6/14/2025,"El que no llora, no mama” (He who doesn’t cry, doesn’t suckle) Peruvian saying",
,6/15/2025,Hijo de gato caza ratón” (A cat’s child hunts mice) Peruvian saying,
,6/16/2025,Camarón que se duerme se lo lleva la corriente” (The sleeping shrimp gets carried away by the current) Peruvian saying,
,6/17/2025,Después de la tempestad viene la calma” (After the storm comes the calm) Peruvian saying,
,6/18/2025,From the tree of silence hands the fruit of tranquillity -Peruvian saying,
,6/19/2025,"It is always a good time to have tea.""
Michael Bond, Paddington Bear",
5/14/2026,6/20/2025,"You can never have too many friends; they help find the best jams.""
Paddington Bear",
11/13/2025,6/21/2025,"I think it's always good to have a little bit of adventure.""
Paddington Bear",
,6/22/2025,"Adventures are so much better when you share them.""
Paddington Bear",
1/22/2026,6/23/2025,"""Think in the morning. Act in the noon. Eat in the evening. Sleep in the night."" ~ William Blake",
,6/24/2025,"""Never be afraid to try something new. Remember that a lone amateur built the Ark. A large group of professionals built the Titanic."" ~ Dave Barry",
,6/25/2025,"A bird sitting on a tree is never afraid of the branch breaking, because her trust is not on the branch but on it's own wings.
- Denzel Washington",
,6/28/2025,"""Expectations are like hidden rocks in your path , All they do is trip you up"" ~ Chitra Banerjee Divakaruni",
10/2/2025,6/29/2025,"""Do not let Sunday be taken from you. If your soul has no Sunday, it becomes an orphan."" ~ Albert Schweitzer",
,6/30/2025,"""If each day is a gift, I'd like to know where to return Mondays!"" ~ John Wagner",
,7/1/2025,"Home is not just a place; it's a feeling.""
Paddington Bear",
11/17/2025,7/2/2025,"Find out who you are and be that person. That's what your soul was put on this Earth to be. Find that truth, live that truth and everything else will come.

Ellen DeGeneres",
,7/3/2025,"We treat our dogs as if they were ""almost human"": that is why they really become ""almost human"" in the end.

C. S. Lewis",
9/30/2025,7/5/2025,"""Rivers know this: there is no hurry. We shall get there some day."" ~ A. A. Milne",
,7/7/2025,"Say that I starved; that I was lost and weary; 
 That I was burned and blinded by the desert sun; 
 Footsore, thirsty, sick with strange diseases; 
 Lonely and wet and cold, but that I kept my dream! — Everett Ruess",
,7/8/2025,"All that we see or seem is but a dream within a dream.

Edgar Allan Poe",
,6/10/2025,"Going to Peru is, well, if you ever have an opportunity in your life to go there, you should do it because it is absolutely mind boggling. ~ Dean Stockwell",
,7/14/2025,"I find television very educating. Every time somebody turns on the set, I go into the other room and read a book.""
Groucho Marx",
,7/10/2025,"I don’t want to achieve immortality through my work. I want to achieve immortality through not dying.""
Woody Allen",
4/22/2026,7/9/2025,"""A day without laughter is a day wasted.""
Charlie Chaplin",
,7/12/2025,"You are never too old to set another goal or to dream a new dream.""
C.S. Lewis",
,7/11/2025,"The road to success is dotted with many tempting parking spaces.""
Will Rogers",
,7/15/2025,"Time is a great teacher, but unfortunately it kills all its pupils.""
Louis Hector Berlioz",
,7/13/2025,"You can’t make up anything anymore. The world itself is a satire. All you’re doing is recording it.""
Garry Trudeau",
11/7/2025,7/16/2025,"If every porkchop were perfect, we wouldn't have hotdogs.

-Greg Universe",
1/29/2026,7/17/2025,"good morning!

""Sometimes you have to make peace with the fact that you are the villain in someone else's story even if you thought you were doing the right thing. You don't get to tell them how to narrate their experience""

-Random Online Find",
8/3/2025,7/18/2025," If you wait until you feel 'better' to start living, you might be waiting forever. Go live your life. Do it sad. Do it anxious.
Do it uncertain. Because healing doesn't always come before the experience. Sometimes, the experience is what heals you. -Random Online Find",
,7/20/2025,"To compel a man to furnish contributions of money for the propagation of opinions which he disbelieves and abhors, is sinful and tyrannical.
- Thomas Jefferson",
,7/23/2025,"The truth is, all might be free if they valued freedom, and
defended it as they ought.
- Samuel Adams",
,7/24/2025,"""Into the forest I go, to lose my mind and find my soul.""
John Muir",
,7/22/2025,"And sin, young man, is when you treat people like things.
- Terry Pratchett",
,7/19/2025,"When someone is rude to you, instead of quickly retaliating you should pause to consider the personal struggles they may be going through, the emotional hardships that could be causing them such pain. THAT'S their weak point.
THAT'S what you need to exploit when you strike back. -Random Internet Find",
,7/21/2025,"""We shall not cease from exploration, and the end of all our exploring will be to arrive where we started and know the place for the first time."" ~ T. S. Eliot",
,7/25/2025,"Joy of living is sustainable. Fear of dying is not.
Dean Ornish signature
Dean Ornish
",
,7/26/2025,"""All men make mistakes, but a good man yields when he knows his course is wrong, and repairs the evil. The only crime is pride."" ~ Sophocles",
,7/27/2025,"""A good traveler has no fixed plans, and is not intent on arriving."" ~ Laozi",
,8/14/2025,"As the family goes, so goes the nation and so goes the whole world in which we live.
Pope John Paul II",
,7/13/2025,"Expect trouble as an inevitable part of life and when it comes, hold your head high, look it squarely in the eye and say “I will be bigger than you. You cannot defeat me.” Then repeat to yourself the most comforting of all words , “This too shall pass.”
Ann Landers",
,8/10/2025,"""Weekends don't count unless you spend them doing something completely pointless."" ~ Bill Watterson",
5/15/2026,7/15/2025,"Courage is the price that life exacts for granting peace.
Amelia Earhart",
,8/12/2025,"Let others lead small lives, but not you. Let others argue over small things, but not you. Let others cry over small hurts, but not you. Let others leave their future in someone else's hands, but not you.
Jim Rohn",
,8/11/2025,"""Desire is the starting point of all achievement, not a hope, not a wish, but a keen pulsating desire which transcends everything."" ~ Napoleon Hill",
,8/16/2025,"Hard work spotlights the character of people: some turn up their sleeves, some turn up their noses, and some don't turn up at all.
Sam Ewing",
10/14/2025,8/17/2025,"Rebel a little bit… in a healthy, non-satanic way.” -Sam Winchester",
,7/18/2025,"""I prefer to be true to myself, even at the hazard of incurring the ridicule of others, rather than to be false, and to incur my own abhorrence."" ~ Frederick Douglass",
,7/27/2025,"The world breaks everyone and afterward many are strong at the broken places. But those that will not break it kills. It kills the very good and the very gentle and the very brave impartially. If you are none of these you can be sure it will kill you too but there will be no special hurry.”

― Ernest Hemingway",
11/23/2025,7/20/2025,"I'm killing time while I wait for life to shower me with meaning and happiness.”
― Bill Watterson",
,7/21/2025,"Love never dies a natural death. It dies because we don't know how to replenish its source. It dies of blindness and errors and betrayals. It dies of illness and wounds; it dies of weariness, of witherings, of tarnishings.”
― Anais Nin",
,11/24/2025,"It is never too late to be what you might have been.”
― George Eliot",
2/13/2026,7/25/2025,"To live is the rarest thing in the world. Most people exist, that is all.”
― Oscar Wilde",
,7/26/2025,"If you judge people, you have no time to love them.”
― Mother Teresa",
5/24/0206,9/29/2025,"We don't see things as they are, we see them as we are.”
― Anaïs Nin",
,9/20/2025,"People are illogical, unreasonable, and self-centered.
Love them anyway.

If you do good, people will accuse you of selfish ulterior motives.
Do good anyway.

If you are successful, you will win false friends and true enemies.
Succeed anyway.

The good you do today will be forgotten tomorrow.
Do good anyway.

Honesty and frankness make you vulnerable.
Be honest and frank anyway.

The biggest men and women with the biggest ideas can be shot down by the smallest men and women with the smallest minds.
Think big anyway.

People favor underdogs but follow only top dogs.
Fight for a few underdogs anyway.

What you spend years building may be destroyed overnight.
Build anyway.

People really need help but may attack you if you do help them.
Help people anyway.

Give the world the best you have and you'll get kicked in the teeth.
Give the world the best you have anyway.”
― Kent M. Keith",
2/17/2026,7/23/2025,"There is neither happiness nor misery in the world; there is only the comparison of one state with another, nothing more. He who has felt the deepest grief is best able to experience supreme happiness. We must have felt what it is to die, Morrel, that we may appreciate the enjoyments of life.
"" Live, then, and be happy, beloved children of my heart, and never forget, that until the day God will deign to reveal the future to man, all human wisdom is contained in these two words, 'Wait and Hope.”
― Alexandre Dumas",
,7/24/2025,"The truth will set you free, but first it will piss you off.”
― Joe Klaas",
,7/22/2025,"Stories never really end...even if the books like to pretend they do. Stories always go on. They don't end on the last page, any more than they begin on the first page.”
― Cornelia Funke",
,,"We all die. The goal isn't to live forever, the goal is to create something that will.”
― Chuck Palahniuk",
,8/14/2025,"But better to get hurt by the truth than comforted with a lie.”
― Khaled Hosseini",
8/30/2025,10/15/2025,"I, myself, am made entirely of flaws, stitched together with good intentions.”
― Augusten Burroughs",
,9/18/2025,"One day you will ask me which is more important? My life or yours? I will say mine and you will walk away not knowing that you are my life.”
― Khalil Gibran",
,8/15/2025,"Whenever I feel the need to exercise, I lie down until it goes away.”
― Paul Terry",
8/31/2025,10/30/2025,"To be yourself in a world that is constantly trying to make you something else is the greatest accomplishment.”
― Ralph Waldo Emerson",
2/16/2026,4/24/2026,"Things change. And friends leave. Life doesn't stop for anybody.”
― Stephen Chbosky",
9/20/2025,12/19/2025,"Every lie is a poison; there are no harmless lies. Only the truth is safe. Only the truth gives me consolation - it is the one unbreakable diamond.”
― Leo Tolstoy",
,2/12/2026,"The great tragedy of life is not that men perish, but that they cease to love.”
― W. Somerset Maugham",
,10/14/2025,"I have to say that although it broke my heart, I was, and still am, glad I was there.”
― Markus Zusak,",
8/16/2025,,"If we find ourselves with a desire that nothing in this world can satisfy, the most probable explanation is that we were made for another world.”
― C.S. Lewis",
,8/30/2025,I can believe things that are true and things that aren't true and I can believe things where nobody knows if they're true or not.  -Neil Gaiman,
9/27/2025,10/22/2025,I believe that anyone who claims to know what's going on will lie about the little things too. -Neil Gaiman,
3/26/2026,7/28/2025,"Yes: I am a dreamer. For a dreamer is one who can only find his way by moonlight, and his punishment is that he sees the dawn before the rest of the world.”
― Oscar Wilde",
,,"May your coming year be filled with magic and dreams and good madness. I hope you read some fine books and kiss someone who thinks you're wonderful, and don't forget to make some art -- write or draw or build or sing or live as only you can. And I hope, somewhere in the next year, you surprise yourself.”
― Neil Gaiman",
2/5/2026,8/3/2025,"Friendship is unnecessary, like philosophy, like art.... It has no survival value; rather it is one of those things which give value to survival.”
― C.S. Lewis,",
8/17/2025,10/23/2025,"Some people never go crazy. What truly horrible lives they must lead.”
― Charles Bukowski",
10/22/2025,,"Memories warm you up from the inside. But they also tear you apart.”
― Haruki Murakami,",
8/6/2025,11/22/2025,"Nobody realizes that some people expend tremendous energy merely to be normal.”
― Albert Camus",
,8/6/2025,"People worry about kids playing with guns, and teenagers watching violent videos; we are scared that some sort of culture of violence will take them over. Nobody worries about kids listening to thousands - literally thousands - of songs about broken hearts and rejection and pain and misery and loss.”
― Nick Hornby",
,8/31/2025,"I like to see people reunited, I like to see people run to each other, I like the kissing and the crying, I like the impatience, the stories that the mouth can't tell fast enough, the ears that aren't big enough, the eyes that can't take in all of the change, I like the hugging, the bringing together, the end of missing someone.”
― Jonathan Safran Foer",
3/5/2026,8/16/2025,"Selfishness is not living as one wishes to live, it is asking others to live as one wishes to live.”
― Oscar Wilde",
8/13/2025,10/24/2025,"I regret that it takes a life to learn how to live.”
― Jonathan Safran Foer",
1/24/2026,9/1/2025,"Perhaps when we find ourselves wanting everything, it is because we are dangerously close to wanting nothing.”
― sylvia plath",
,,"When we hold each other, in the darkness, it doesn't make the darkness go away. The bad things are still out there. The nightmares still walking. When we hold each other we feel not safe, but better. ""It's all right"" we whisper, ""I'm here, I love you."" and we lie: ""I'll never leave you."" For just a moment or two the darkness doesn't seem so bad.”
― Neil Gaiman",
9/1/2025,11/8/2025,"There are so many fragile things, after all. People break so easily, and so do dreams and hearts.”
― Neil Gaiman",
9/2/2025,5/24/2026,"Some of you say, “Joy is greater than sorrow,” and others say, “Nay, sorrow is the greater.”
But I say unto you, they are inseparable.
Together they come, and when one sits alone with you at your board, remember that the other is asleep upon your bed.”
― Kahlil Gibran",
,8/13/2025,"What I cannot love, I overlook.”
― Anais Nin",
8/7/2025,12/13/2025,"Chaos is merely order waiting to be deciphered.”
― José Saramago",
,9/17/2025,"It does not do to dwell on dreams and forget to live.”
― J.K. Rowling,",
7/28/2025,,"The fact that we live at the bottom of a deep gravity well, on the surface of a gas covered planet going around a nuclear fireball 90 million miles away and think this to be normal is obviously some indication of how skewed our perspective tends to be.”
― Douglas Adams",
,5/17/2026,"Have you ever noticed that anybody driving slower than you is an idiot, and anyone going faster than you is a maniac?”
― George Carlin",
8/4/2025,2/17/2026,"In my opinion, we don't devote nearly enough scientific research to finding a cure for jerks.”
― Bill Watterson",
2/18/2026,8/5/2025,"She remembered lying in the crevasse, buried by snow. She thought of that perfect silence. Also now, like then, no one knew where she was. This time too, no one would come. But she no longer expected them to.
She smiled at the clear sky. With a little effort, she could get up by herself.”
― Paolo Giordano",
9/18/2025,11/16/2025,"All God does is watch us and kill us when we get boring. We must never, ever be boring.”
― Chuck Palahniuk, Invisible Monsters",
4/14/2026,8/4/2025,"“If you would tell me the heart of a man, tell me not what he reads, but what he rereads.”
― Francois Mauriac",
8/5/2025,10/29/2025,"Ayn Rand
“I do not think that tragedy is our natural fate and I do not live in chronic dread of disaster. It is no happiness, but suffering that I consider unnatural. It is not success, but calamity that I regard as the abnormal exception in Human Life.”
― Ayn Rand",
8/29/2025,10/2/2025,"I wanted a perfect ending. Now I've learned, the hard way, that some poems don't rhyme, and some stories don't have a clear beginning, middle, and end. Life is about not knowing, having to change, taking the moment and making the best of it, without knowing what's going to happen next.
Delicious Ambiguity.”
― Gilda Radner",
11/1/2025,8/7/2025,"When you choose one way out of many, all the ways you don't take are snuffed out like candles, as if they'd never existed. At that moment all Will's choices existed at once. But to keep them all in existence meant doing nothing. He had to choose, after all.”
― Philip Pullman",
8/8/2025,5/23/2026,"I can bear any pain as long as it has meaning.”
― Haruki Murakami",
4/19/2026,9/24/2025,"This is what I miss, Cordelia: not something that’s gone, but something that will never happen. Two old women giggling over their tea.”
― Margaret Atwood",
8/2/2025,,"Sometimes things become possible if we want them bad enough.”
― T.S. Eliot",
2/4/2026,8/8/2025,"Whatever you think, be sure it is what you think; whatever you want, be sure that is what you want; whatever you feel, be sure that is what you feel.”
― T.S. Eliot",
,11/19/2025,"People think dreams aren't real just because they aren't made of matter, of particles. Dreams are real. But they are made of viewpoints, of images, of memories and puns and lost hopes.”
― Neil Gaiman",
,8/29/2025,"A man may be said to love most truly that woman in whose company he can feel drowsy in comfort.”
― George Jean Nathan",
,9/23/2025,"We are what we pretend to be, so we must be careful about what we pretend to be.”
― Kurt Vonnegut",
,10/8/2025,"The truth."" Dumbledore sighed. ""It is a beautiful and terrible thing, and should therefore be treated with great caution.”
― J.K. Rowling",
8/9/2025,11/1/2025,"Happiness is a gift and the trick is not to expect it, but to delight in it when it comes.”
― Charles Dickens",
9/26/2025,,"And now that you don't have to be perfect, you can be good.”
― John Steinbeck",
,,"There comes a time when you look into the mirror and you realize that what you see is all that you will ever be. And then you accept it. Or you kill yourself. Or you stop looking in mirrors.”
― J. Michael Straczynski",
9/23/2025,12/18/2025,"If you don't know what you want,"" the doorman said, ""you end up with a lot you don't.”
― Chuck Palahniuk",
8/10/2025,11/17/2025,"A rat in a maze is free to go anywhere, as long as it stays inside the maze.”
― Margaret Atwood",
10/7/2025,,"
“...things get broken, and sometimes they get repaired, and in most cases, you realize that no matter what gets damaged, life rearranges itself to compensate for your loss, sometimes wonderfully.”
― Hanya Yanagihara",
10/8/2025,,"Fairness is for happy people, for people who have been lucky enough to have lived a life defined more by certainties than by ambiguities.
Right and wrong, however, are for—well, not unhappy people, maybe, but scarred people; scared people.”
― Hanya Yanagihara",
10/25/2025,8/10/2025,"Before I die, I want to...be the person I’m meant to be and have that be enough.”
― Jennifer Niven",
,9/22/2025,"The hardest thing to explain is the glaringly evident which everybody has decided not to see.”
― Ayn Rand",
9/22/2025,10/6/2025,"Pain is inevitable. Suffering is optional.”
― haruki murakami",
,9/25/2025,"If you remember me, then I don't care if everyone else forgets.”
― Haruki Murakami",
4/25/2026,8/2/2025,"We love the things we love for what they are.”
― Robert Frost",
8/12/2025,2/11/2026,"The presence of those seeking the truth is infinitely to be preferred to the presence of those who think they've found it.”
― Terry Pratchett",
3/6/2026,8/9/2025,"There are times in life when people must know when not to let go. Balloons are designed to teach small children this.”
― Terry Pratchett",
3/25/2026,9/27/2025,"...inside every old person is a young person wondering what happened.”
― Terry Pratchett",
8/11/2025,10/27/2026,"Happiness is when what you think, what you say, and what you do are in harmony.”
― Mahatma Gandhi",
,,"I wish you to know that you have been the last dream of my soul.”
― Charles Dickens",
2/24/2026,8/11/2025,"""Distance never seperates two hearts that really care, for our memories span the miles and in seconds we are there. But whenever I start feeling sad cuz I miss you I remind myself how lucky I am to have someone so special to miss."" ~ Henri Nouwen",
9/28/2025,,"I choose to live by choice, not by chance; to make changes, not excuses; to be motivated, not manipulated; to be useful, not used; to excel, not to compete. I choose self-esteem, not self-pity. I choose to listen to my inner voice, not the random opinion of others. I choose to be me.”

― Miranda Marrott",
5/18/2026,8/12/2025,"""If I were to let my life be taken over by what is urgent, I might very well never get around to what is essential."" ~ Henri Nouwen",
,9/10/2026,"""I'm no longer a child and I still want to be, to live with the pirates. Because I want to live forever in wonder. The difference between me as a child and me as an adult is this and only this: when I was a child, I longed to travel into, to live in wonder. Now, I know, as much as I can know anything, that to travel into wonder is to be wonder. So it matters little whether I travel by plane, by rowboat, or by book. Or, by dream. I do not see, for there is no I to see. That is what the pirates know. There is only seeing and, in order to go to see, one must be a pirate."" ~ Kathy Acker",
9/19/2025,,"""Some pirates achieved immortality by great deeds of cruelty or derring-do. Some achieved immortality by amassing great wealth. But the captain had long ago decided that he would, on the whole, prefer to achieve immortality by not dying."" ~ Terry Pratchett",
,2/22/2026,"""I don't want to waste the precious moments I have, and I've felt that way since I was 17. I have to take risks because why else would you be alive? Put your pirate patch on and go on an adventure because you only have one life to live."" ~ Kathleen Hanna",
,,"""Pirates could happen to anyone."" ~ Tom Stoppard",
9/21/2025,3/25/2026,"""To paraphrase Oedipus, Hamlet, Lear, and all those guys, ""I wish I had known this some time ago."" ~ Roger Zelazny",
9/25/2025,10/28/2026,"""Of all the things a man may do, sleep probably contributes most to keeping him sane. It puts brackets about each day. If you do something foolish or painful today, you get irritated if somebody mentions it, today. If it happened yesterday, though, you can nod or chuckle, as the case may be. You've crossed through nothingness or dream to another island in Time."" ~ Roger Zelazny",
,,"""I've always been impulsive. My thinking is usually pretty good, but I always seem to do it after I do my talking — by which time I've generally destroyed all basis for further conversation."" ~ Roger Zelazny",
,9/21/2025,"""I don't know that I ever wanted greatness, on its own. It seems rather like wanting to be an engineer, rather than wanting to design something--or wanting to be a writer, rather than wanting to write. It should be a by-product, not a thing in itself. Otherwise, it's just an ego trip."" ~ Roger Zelazny",
3/10/2026,2/4/2026,"""Dwelling beside a body of water is tonic for the weary psyche. Sea smells, sea birds, seawrack, sands - alternately cool, warm, moist and dry - a taste of brine and the presence of the rocking, slopping bluegraygreen spit-flecked waters, has the effect of rinsing the emotions, bathing the outlook, bleaching the conscience."" ~ Roger Zelazny",
2/3/2026,10/3/2025,"""I'm a lost soul. We do wail."" ~ Roger Zelazny",
,9/26/2025,"""Even the most heartening of philosophical vistas is no match for, say, a toothache, if it happens to be your own."" ~ Roger Zelazny",
9/29/2025,3/10/2026,"""Then you must reconcile yourself to the fact that something is always hurt by any change. If you do this, you will not be hurt yourself."" ~ Roger Zelazny",
2/28/2026,9/28/2025,"Eating too much cake is the sin of gluttony. However, eating too much pie is okay because the sin of pi is always zero. -?",
10/3/2025,11/15/2025,"There are three constants in life... change, choice and principles.
Stephen Covey",
10/2/2025,2/28/2026,"""Where there is no imagination there is no horror."" ~ Arthur Conan Doyle",
2/22/2026,10/2/2025,"""There is something haunting in the light of the moon; it has all the dispassionateness of a disembodied soul, and something of its inconceivable mystery."" ~ Joseph Conrad",
,10/1/2025,"""Youth is like spring, an over praised season more remarkable for biting winds than genial breezes. Autumn is the mellower season, and what we lose in flowers we more than gain in fruits."" ~ Samuel Butler",
,10/9/2025,"""No spring nor summer beauty hath such grace as I have seen in one autumnal face."" ~ John Donne",
10/1/2025,,"""Delicious autumn! My very soul is wedded to it, and if I were a bird I would fly about the earth seeking the successive autumns."" ~ George Eliot",
,10//2025,"The World is my country, all mankind are my brethren, and to do good is my religion -Thomas Paine",
11/21/2025,10/5/2025,"Just in case you ever foolishly forget; I'm never not thinking of you.”

― Virginia Woolf",
10/6/2025,,"""The Earth sucks.""

-Isaac Newton, before the apple.",
,10/7/2025,"""Hope has two beautiful daughters; their names are Anger and Courage.
Anger at the way things are, and Courage to see that they do not remain as they are.""
-St. Augustine",
10/16/2025,10/16/2025,"""Where there is no free agency, there can be no morality. Where there is no temptation, there can be little claim to virtue. Where the routine is rigorously proscribed by law, the law, and not the man, must have the credit of the conduct."" ~ William H. Prescott",
,10/17/2025,"""As precious as life itself is our heritage of individual freedom, for man's free agency is a God-given gift."" ~ David O. McKay",
10/20/2025,10/25/2025,"Discipline is choosing between what you want now and what you want most.”

― Abraham Lincoln",
10/26/2025,10/26/2025,"I am a really bad traveler, I hate traveling and I hate being late so I figure if I could just click my fingers and be somewhere then that would be great!

Harry Melling",
10/27/2026,1/6/2025,"Good communication is the bridge between confusion and clarity.""
Nat Turner
",
10/31/2025,10/31/2025,"""Shadows of a thousand years rise again unseen, Voices whisper in the trees, ""Tonight is Halloween!"""" ~ Dexter Kozen",
11/3/2025,4/23/2026,"""The hurrier I go, the behinder I get."" ~ Lewis Carroll",
10/4/2025,11/20/2025,"""If you want to inspire confidence, give plenty of statistics. It does not matter that they should be accurate, or even intelligible, as long as there is enough of them."" ~ Lewis Carroll",
,10/4/2025,"""You have to run as fast as you can just to stay where you are.  If you want to get anywhere, you'll have to run much faster."" ~ Lewis Carroll",
1/26/2026,11/3/2025,"""Courtesy is a small act but it packs a mighty wallop."" ~ Lewis Carroll",
,1/18/2025,"""Begin at the beginning and go on till you come to the end; then stop."" ~ Lewis Carroll",
11/5/2025,11/5/2025,Taxation isn't theft. Capitalism is.  -Zohran Kwame Mamdani,
11/6/2025,11/21/2025,You can’t wait for inspiration. You have to go after it with a club -Jack London ,
7/5/2026,11/7/2025,"Censorship is telling a man he can't have a steak just because a baby can't chew it.”

― Mark Twain",
11/8/2025,,The easiest way to stop piracy is not by putting antipiracy technology to work. It’s by giving those people a service that’s better than what they’re receiving from the pirates.” -Gabe Newell,
5/23/2026,11/9/2025,"""Because children have abounding vitality, because they are in spirit fierce and free, therefore they want things repeated and unchanged. They always say, ""Do it again""; and the grown-up person does it again until he is nearly dead. For grown-up people are not strong enough to exult in monotony. But perhaps God is strong enough to exult in monotony.
It is possible that God says every morning, ""Do it again"" to the sun; and every evening, ""Do it again"" to the moon. It may not be automatic necessity that makes all daisies alike; it may be that God makes every daisy separately, but has never got tired of making them.
It may be that He has the eternal appetite of infancy; for we have sinned and grown old, and our Father is younger than we.""
G.K. Chesterton, 'Orthodoxy'",
,11/10/2025,"   ""Ah!"" said the star. ""You saw the light I sent you?""
   ""Sent me?"" said the little bird. ""You are hundreds of millions of miles away. By the time I see your light, eons and eons have passed.""
   ""All the better that it finally made it,"" said the star. ""Do you like it?"" And it twinkled, showing off just a little.
   ""I wasn't even born when you sent this light,"" said the bird. ""You are just a star, and I am just a bird. Your light and my eyes just happened to collide in a random universe.""
   The star was silent for a moment. ""I'm not sure I get your point,"" it finally said. ""I found you. You found me. We have found each other.""
   The bird let out an exasperated sigh. ""That's just it,"" said the bird. ""You didn't find me. You didn't send this light to me in particular. I'm not special. You didn't choose me, out of all of the billions of creatures, to see your light specifically.""

""Prove it,"" said the star.",
11/10/2025,12/15/2025,"""It is not the critic who counts; not the man who points out how the strong man stumbles, or where the doer of deeds could have done them better. The credit belongs to the man who is actually in the arena, whose face is marred by dust and sweat and blood; who strives valiantly; who errs, who comes short again and again, because there is no effort without error and shortcoming; but who does actually strive to do the deeds; who knows great enthusiasms, the great devotions; who spends himself in a worthy cause; who at the best knows in the end the triumph of high achievement, and who at the worst, if he fails, at least fails while daring greatly, so that his place shall never be with those cold and timid souls who neither know victory nor defeat.""

-Theodore Roosevelt",
5/6/2026,11/13/2025,"""The only way to deal with fear is to face it head-on.""
-Seneca",
,11/12/2025,"""Love is my gift to the world.
I fill myself with love, & I send that love out into the world.
How others treat me is their path.
How I react is mine.""
- Dr. Wayne Dyer",
11/18/2025,11/18/2025,"If I think someone else caused it, then I've got to wait for someone else to change, and you might wait forever for that. -Wayne Dyer",
11/20/2025,1/9/2025,The simple step of a courageous individual is not to take part in the lie. One word of truth outweighs the world -Aleksandr Solzhenitsyn,
12/12/2025,12/12/2024,"Ironically, when we start to get better, we also often get sad-- because we start to realize how much we've missed out on, how badly certain people failed us, what the younger version of us actually deserved.
Healing involves healthy grieving. No way around it.",
,11/23/2025,"when you are steadfast in your abstention of thoughts of harm directed toward yourself and others, all living creatures will cease to feel fear in your presence. -Patanjali",
11/25/2025,11/25/2025,Every day is a fresh start -Prometheus,
3/24/2026,12/1/2026,"I let my prejudices take the wheel, and look,what happened. Prejudices can't drive -Andrew Rea",
,12/3/2025,"To know that even one life has breathed easier because you have lived, this is to have succeeded.
-Ralph Waldo Emerson",
,12/4/2025,"I hope you live a life you’re proud of. If you find that you’re not, I hope you have the strength to start all over again. -Benjamin Buttons ",
12/4/2025,1/11/2025,"There are more things, Lucilius, that frighten us than injure us, and we suffer more in imagination than in reality.
Seneca",
3/14/2026,12/5/2025,"An unarmed man can only flee from evil, and evil is not overcome by fleeing from it. ~ Jeff Cooper",
2/9/2026,12/6/2025,"The object of life is not to be on the side of the majority, but to escape finding oneself in the ranks of the insane.”

― Marcus Aurelius",
1/25/2026,12/8/2025,"To have what we want is riches; but to be able to do without is power.

George MacDonald",
3/12/2026,12/9/2025,"The gods offer no rewards for intellect. There was never one yet that showed any interest in it...
Mark Twain",
,12/10/2025,"Because the horror of Communism, Stalinism, is not that bad people do bad things — they always do. It's that good people do horrible things thinking they are doing something great.""

― Slavoj Žižek",
2/20/2026,12/11/2025,"""I tried being reasonable, but I didn't like it."" -Clint Eastwood",
,12/14/2025,"There’s simply no polite way to tell people they’ve dedicated their lives to an illusion.”

― Daniel Dennett",
4/5/2026,12/17/2025,"Good laws are designed to judge visible actions, not internal emotional states. -Brian Holdsworth",
,3/16/2026,"It is simply no longer possible to believe much of the clinical research that is published, or to rely on the judgment of trusted physicians or authoritative medical guidelines. I take no pleasure in this conclusion, which I reached slowly and reluctantly over my two decades as an editor of the New England Journal of Medicine.”

― Marcia Angell",
,12/20/2025,"""Christmas waves a magic wand over this world, and behold, everything is softer and more beautiful."" — Norman Vincent Peale",
,,"Maybe Christmas... perhaps... means a little bit more!"" — Dr. Seuss.",
3/16/2026,1/5/2026,"""If you don't know, ask. You will be a fool for the moment, but a wise man for the rest of your life."" ~ Seneca the Younger",
2/1/2026,1/10/2026,"""The truth, however ugly in itself, is always curious and beautiful to seekers after it.”

― Agatha Christie""",
1/21/2026,1/12/2026,He who jumps into the void owes no explanation to those who stand and watch Jean-Luc Godard,
4/4/2026,1/13/2026,"""To argue with a person who has renounced the use of reason is like administering medicine to the dead."" ~ Thomas Paine",
,1/14/2026,Sin feels like freedom until you try to stop,
,1/15/2025,There is no need to drink the whole ocean to realize it is salty,
,1/16/2025,"If your world doesn’t allow you to dream, move to one where you can. -Billy Idol",
,1/17/2026,"A fire broke out backstage in a theatre. The clown came out to warn the public; they thought it was a joke and applauded. He repeated it; the acclaim was even greater. I think that's just how the world will come to an end: to general applause from wits who believe it's a joke.”

― Soren Kierkegaard",
,1/19/2026,Eat a rainbow every day,
,1/20/2026,"""Man maintains his balance, poise, and sense of security only as he is moving forward."" - Maxwell Maltz",
2/10/2026,1/21/2026,"""Change is a great and horrible thing, and people love it or hate it at the same time. Without change, however, you just don't move.""-Marc Jacobs",
4/16/2026,1/22/2026,"""We keep moving forward, opening new doors, and doing new things, because we're curious and curiosity keeps leading us down new paths."" - Walt Disney",
,1/23/2026,"""If it scares you, it might be a good thing to try."" - Seth Godin",
5/11/2026,1/24/2026,The world is round and the place which may seem like the end may also be the beginning. -Ivy Baker Priest,
3/31/2026,1/25/2026,"""Life is like riding a bicycle. To keep your balance, you must keep moving."" -Albert Einstein",
,1/26/2026,"""If everyone is moving forward together, then success takes care of itself."" -Henry Ford",
,2/10/2026,"""Success seems to be connected with action. Successful people keep moving. They make mistakes, but they don't quit."" -Conrad Hilton",
,3/30/2026,"""My attitude has always been, if you fall flat on your face, at least you're moving forward. All you have to do is get back up and try again."" -Richard Branson",
2/19/2026,3/14/2026,"""It's in the act of having to do things that you don't want to that you learn something about moving past the self. Past the ego."" -Bell Hooks",
,1/27/2026,"""Time is a circus, always packing up and moving away."" -Ben Hecht",
3/27/2026,2/2/2026,"""Happiness doesn't have just one address."" -Anonymous",
,2/18/2026,"""Every dreamer knows that it is entirely possible to be homesick for a place you've never been to, perhaps more homesick than for familiar ground."" -Judith Thurman",
3/30/2026,2/8/2026,"""Some beautiful paths can't be discovered without getting lost."" -Erol Ozan",
,2/23/2026,"""It is not down in any map, true places never are."" -Herman Melville",
2/25/2026,2/9/2026,"""I always wonder why birds stay in the same place when they can fly anywhere on the earth. Then I ask myself the same question."" -Harun Yahya",
,2/3/2026,"""Life begins at the end of your comfort zone."" -Neale Donald Walsch",
3/17/2026,2/5/2026,"""Wherever you go, go with all your heart!"" -Confucius",
,2/6/2026,"""Every great dream begins with a dreamer. Always remember, you have within you the strength, the patience, and the passion to reach for the stars to change the world."" - Harriet Tubman",
,,"""If you do not change direction, you might end up where you are heading - Lao Tzu",
2/8/2026,3/17/2026,"""Never too old, never too bad, never too late, never too sick to start from scratch once again."" - Bikram Choudhury",
,3/13/2026,"""By changing nothing, nothing changes"" - Tony Robbins",
2/6/2026,2/15/2026,"""The greatest mistake you can make in life is to be continually fearing you will make one."" - Elbert Hubbard",
,2/1/2026,"""In the end, it's not the years in your life that count. It's the life in your years."" -Abraham Lincoln",
1/28/2026,3/15/2026,"""Life is not a problem to be solved, but a reality to be experienced.""- Soren Kierkegaard",
,1/31/2026,"""Some people want it to happen, some wish it would happen, others make it happen."" - Michael Jordan",
3/15/2026,2/13/2026,"""It's not about how slow you go, just as long as you don't stop."" - Jay Shetty",
1/30/2026,2/20/2026,"""Life shrinks or expands in proportion to one's courage."" - Anais Nin",
,1/30/2026,"""Too many of us are not living our dreams because we are living our fears."" - Les Brown",
3/13/2026,2/19/2026,"""The only impossible journey is the one you never begin."" - Tony Robbins",
4/18/2026,1/28/2026,"""Go confidently in the direction of your dreams! Live the life you've imagined."" -Henry David Thoreau",
,1/29/2026,"""Life is either a daring adventure or nothing at all."" -Helen Keller",
2/7/2026,3/18/2026,A clever person turns great troubles into little ones and little ones into none at all,
2/15/2026,3/6/2026,"To know the road ahead, ask those coming back",
1/31/2026,6/9/2026,Better a diamond with a flaw than a pebble without one,
2/23/2-26,2/7/2026,"""Life is partly what we make it, and partly what it is made by the friends we choose."" ~ Tennessee Williams",
,2/14/2026,"""To love someone is nothing, to be loved by someone is something, to love someone who loves you is everything."" ~ Bill Russell",
2/14/2026,2/25/2026,"""Life is short. Kiss slowly, laugh insanely, love truly and forgive quickly"" ~ Paulo Coelho",
3/18/2026,2/16/2026,The most beautiful of the Devil’s ruses is to persuade all of you that he doesn’t exist.”  -Charles Baudelaire,
2/27/2026,2/24/2026,"Nobody wants to be misunderstood, or feel that their intentions are being misrepresented. It understandably fires off a desire to set the record straight. I sometimes find it helpful to remind myself that I'm not in charge of what other people think, or correcting them to think ""the right way"" (according to my own views and perspectives). Trying to do that (trying to have that level of control) often does not make things better. Walking away from an exchange does not mean that you are complying with people's complaints or judgements - it can simply mean you recognize something productive is no longer occurring, and you no longer want to engage in something unproductive.
 -Rodney Smith",
2/26/2026,3/9/2026,"""People will kill you over time, and how they'll kill you is with tiny, harmless phrases, like 'be realistic.'"" ~ Dylan Moran",
,2/27/2026,"""Professor Tillman. Most of us here are not scientists, so you may need to be a little less technical.’ This sort of thing is incredibly annoying. People can tell you the supposed characteristics of a Gemini or a Taurus and will spend five days watching a cricket match, but cannot find the interest or the time to learn the basics of what they, as humans, are made up of."" ~ Graeme Simsion",
3/9/2026,2/26/2026,"""Quick decision makers are often stuck behind annoying people in line at Starbucks."" ~ Ellen DeGeneres",
,3/1/2026,It is easier to build strong children than to repair broken men.”  -Fredrick Douglass,
4/23/2026,3/5/2026,"If I had an hour to solve a problem, I’d spend 55 minutes thinking about the problem and five minutes thinking about the solution. -Albert Einstein",
,3/11/2026,"""When will our consciences grow so tender that we will act to prevent human misery rather than avenge it?"" ~ Eleanor Roosevelt",
3/11/2026,3/31/2026,"""It is equally important to investigate wellness as it is to study misery."" ~ Sonja Lyubomirsky",
4/30/2026,3/12/2026,"""They say it is better to be poor and happy than rich and miserable, but how about a compromise like moderately rich and just moody?"" ~ Princess Diana",
,3/23/2027,"""If only. Those must be the two saddest words in the world."" ~ Mercedes Lackey",
,4/4/2026,"""Don't mistake movement for achievement. It's easy to get faked out by being busy. The question is: Busy doing what?"" ~ Jim Rohn",
4/17/2026,3/19/2026,"""When you are asked if you can do a job, tell 'em, 'Certainly I can!' Then get busy and find out how to do it."" ~ Theodore Roosevelt",
,3/21/2026,"At 70 years old, if I could give my younger self one piece of advice, it would be to use the words ""fuck off"" much more frequently. -Helen Mirren",
4/6/2026,3/22/2026,"Start where you are.
Use what you have.
Do what you can.",
3/23/2026,,"""Traveling by bus, we see many things on the way and just let them pass by. Watch the thoughts of your minds in the same way."" ~ Mata Amritanandamayi",
,3/26/2026,"""No one is more insufferable than he who lacks basic courtesy."" ~ Bryant H. McGill",
,3/24/2026,"""Rudeness is a weak imitation of strength."" ~ Eric Hoffer",
4/7/2026,3/27/2026,"""Life has a much bigger plan for you. Happiness is part of that plan. Health is part of that plan. Stability is part of that plan. Constant struggle is not."" ~ Kris Carr",
3/28/2026,3/28/2026,"""Better to get up late and be wide awake then, than to get up early and be asleep all day."" ~ Matthew Henry",
4/1/2026,6/8/2026,"If at first, you don't succeed, try, try again. Then quit. No use being a damn fool about it.” - W.C. Fields",
,,It could be that your purpose in life is to serve as a warning to others.” - Ashleigh Brilliant,
4/20/2026,,"Oh, you hate your job? Why didn’t you say so? There’s a support group for that. It’s called EVERYBODY, and they meet at the bar.” – Drew Carey",
,,Life is pain. Anyone who says otherwise is selling something.” – William Goldman,
4/2/2026,4/5/2026,"Fate is like a strange, unpopular restaurant filled with odd little waiters who bring you things you never asked for and don't always like.” - Lemony Snicket",
,4/3/2026,The worst part of success is trying to find someone who is happy for you.” - Bette Midler,
4/29/2026,4/2/2026,The reward for good work is more work”. – Francesca Elisia,
,4/1/2026,It’s only when you look at an ant through a magnifying glass on a sunny day that you realize how often they burst into flames.” - Harry Hill,
,4/6/2026,"Nothing more enhances authority than silence."" -Charles de Gaulle ",
,4/14/2026,"My biggest disappointment is learning that even intelligent people can be cowards and that courage is a much rarer attribute than intelligence."" -Julian Assange",
,4/13/2026,"""There are three things in the world that deserve no mercy: hypocrisy, fraud, and tyranny.""
-Frederick William Robertson",
4/15/2026,,"Anyone who attempts to generate random numbers by deterministic means is, of course, living in a state of sin."" - John von Neumann",
,4/15/2026,"""The only difference between death and taxes is that death doesn't get worse every time Congress meets."" ~ Will Rogers",
,4/17/2027,"""Contentment is natural wealth; luxury is artificial poverty."" -Socrates",
5/10/2026,4/18/2026,"We hang the petty thieves and appoint the great ones to public office.”

― Aesop",
,4/19/2026,"Time spent in honor of God and for the salvation of souls is never badly spent.”
P
Padre Pio",
8/26/2026,4/20/2026,"""The reason why some people are so kind is because the world has been so unkind to them that they don't want other people to feel the way they did."" -Vex King",
,4/22/2026,"""People speak of hope as if it is this delicate, ephemeral thing made of whispers and spider webs. It’s not. Hope has dirt on her face, blood on her knuckles, the grit of the cobblestones in her hair, and just spat out a tooth as she rises for another go.""",
,4/25/2026,"""The one who plants trees, knowing that he or she will never sit in their shade, has at least started to understand the meaning of life."" -Rabindranath Tagore",
,4/30/2026,"""All virtue is summed up in dealing justly."" ~ Aristotle",
,4/26/2026,"""It is better to deserve honors and not have them than to have them and not deserve them."" ~ Mark Twain",
,4/29/2026,"""We've been blessed with the opportunity to stand for something - for liberty and freedom and fairness. And these are things worth fighting for, worth devoting our lives to."" ~ Ronald Reagan",
4/27/2026,5/21/2026,"""Never be a spectator of unfairness or stupidity. Seek out argument and disputation for their own sake; the grave will supply plenty of time for silence."" ~ Christopher Hitchens",
,6/4/2026,"""Life's unfairness is not irrevocable; we can help balance the scales for others, if not always for ourselves."" ~ Hubert H. Humphrey",
,4/27/2026,"""I’ve told you the four thunderstorms – disappointment, frustration, unfairness and isolation. You cannot avoid them, as like the monsoon they will come into your life at regular intervals. You just need to keep the raincoat handy to not let the spark die"" ~ Chetan Bhagat",
4/26/2026,5/26/2026,"""You know, I used to think it was awful that life was so unfair. Then I thought, wouldn't it be much worse if life were fair, and all the terrible things that happen to us come because we actually deserve them? So, now I take great comfort in the general hostility and unfairness of the universe."" ~ J. Michael Straczynski",
,4/28/2026,"""if you do one good deed your reward usually is to be set to do another and harder and better one."" ~ C. S. Lewis",
4/28/2026,5//2026,"""The single biggest problem in communication is the illusion that it has taken place."" ~ George Bernard Shaw",
5/5/2026,5/5/2026,"""Take care of your body. It's the only place you have to live."" ~ Jim Rohn",
,6/3/2026,"""A man is not old until regrets take the place of dreams."" ~ John Barrymore",
,5/6/2026,"""The aging process has you firmly in its grasp if you never get the urge to throw a snowball."" ~ Doug Larson",
,5/8/2026,Procrastination is like a credit card: it's a lot of fun until you get the bill. ~ Christopher Parker,
,5/7/2026,"""Without music to decorate it, time is just a bunch of boring production deadlines or dates by which bills must be paid."" ~ Frank Zappa",
,,"""A little less complaint and whining, and a little more dogged work and manly striving, would do us more credit than a thousand civil rights bills."" ~ W. E. B. Du Bois",
,,"""Before you were born, your parents weren't as boring as they are now. They got that way from paying your bills, cleaning your clothes and listening to you talk about how cool you thought you were. So before you save the rain forest from the parasites of your parent's generation, try delousing the closet in your own room."" ~ Bill Gates",
5/7/2026,5/12/2026,"""I've heard this before from people: early 20s kind of screws with your head a little bit because you're transitioning into adulthood and actually becoming an adult with responsibilities and paying bills. So all of a sudden, it's like you're responsible now."" ~ Dan Byrd",
5/8/2026,5/15/2026,"Push yourself again and again. Don't give an inch until the final buzzer sounds.

Larry Bird",
,5/14/2026,"""Change, when it comes, cracks everything open."" ~ Dorothy Allison",
8/21/2026,5/11/2026,"""By far the strongest poison to the human spirit is the inability to forgive oneself or another person. Forgiveness is no longer an option but a necessity for healing."" ~ Caroline Myss",
8/24/2026,5/10/2026,"""The natural healing force within each one of us is the greatest force in getting well."" ~ Hippocrates",
,5/18/2026,"Nothing releases like forgive. Nothing renews like forget.
Ray A. Davis",
,5/13/2026,"A King may move a man, a father may claim a son, but remember that even when those who move you be Kings, or men of power, your soul is in your keeping alone. When you stand before God, you cannot say, ""But I was told by others to do thus."" Or that, ""Virtue was not convenient at the time."" This will not suffice. Remember that.”

― King Baldwin IV",
,5/22/2026,"""Success is when persistence meets preparation."" ~ Sherrilyn Kenyon",
5/25/2026,5/5/2026,A hero is someone who has given his or her life to something bigger than oneself.” — Joseph Campbell,
,5/27/2026,“Hardships often prepare ordinary people for an extraordinary destiny.” -Voyage of the Dawn Treader,
,6/2/2026,"Humility is not thinking less of yourself, it’s thinking of yourself less.” – Rick Warren",
,5/3/2026,Children are not a distraction from more important work. They are the most important work.” – Dr. John Trainer,
,6/1/2026,You are never too old to set another goal or dream a new dream.” – Les Brown,
,5/28/2027,"""Traveling is a brutality. It forces you to trust strangers and to lose sight of all that familiar comfort of home and friends. You are constantly off balance. Nothing is yours except the essential things: air, sleep, dreams, sea, the sky - all things tending towards the eternal or what we imagine of it."" ~ Cesare Pavese",
,5/30/2026,"""To my mind, the greatest reward and luxury of travel is to be able to experience everyday things as if for the first time, to be in a position in which almost nothing is so familiar it is taken for granted."" ~ Bill Bryson",
,5/29/2026,"""Familiar things are a comfort to us all."" ~ Andy Rooney",
,6/5/2026,"It is a little embarrassing that, after forty-five years of research and study, the best advice I can give to people is to be a little kinder to each other.

Aldous Huxley",
8/23/2026,6/6/2026,"""A holy life does not exclude temptations.
When we say a tree is firmly rooted —we do not say the wind never blows
upon it.""
- John Owen",
,6/7/2026,"""All we have to decide is what to do with the time that is given to us."" -Gandalf",
,6/10/2026,"""Dreams save us. Dreams lift us up and transform us."" -Superman",
,6/11/2026,"""The law hangs the desperate man who steals bread to survive, but builds marble statues for the sociopath who legally steals the entire bakery."" -Diogenes",
,6/13/2026,"It is criminal to steal a purse, daring to steal a fortune, a mark of greatness to steal a crown. The blame diminishes as the guilt increases.

Friedrich Schiller",
,6/12/2026,"Yes, Im an adult, but in the same way a folding chair is furniture. Technicallyoo sure, but nobody's impressed and I'm not very stable.",
7/3/2026,6/14/2026,"Doubt kills more dreams than failure ever will.”

― Suzy Kassem",
,6/15/2026,"""Because today we live in a society in which spurious realities are manufactured by the media, by governments, by big corporations, by religious groups, political groups...
So l ask, in my writing, What is real? Because unceasingly we are bombarded with pseudo-realities manufactured by very sophisticated people using very sophisticated electronic mechanisms. I do not distrust their motives; I distrust their power. They have a lot of it.
And it is an astonishing power: that of creating whole universes, universes of the mind. lought to know. I do the same thing."" -Philip K. Dick",
,6/16/2026,"God honors his favorites by crushing them, drops the whole insufferable wretched weight of purpose on their spines until they either snap into shape or snap entirely. the unburdened, those buoyant grinning vapid little phantoms drifting through their own lives without a single crushing thing to carry, they are forgotten",
,6/17/2026,"Strength is not the ability to endure without faltering, strength is found in the courage to show up for yourself every single day. ",
,6/18/2026,"those who escape hell, however, never talk about it and nothing much bothers them after that.”
― Charles Bukowski",
,6/19/2026,"I've heard anxiety defined as the overestimation of danger and the underestimation of one's ability to cope with that danger. In so many ways, our sources of anxiety come from this place of, ""What's going to happen? Will I be able to face what's going to happen?"" We want to know what's down the road because we falsely equate knowing with security. IfI know, then I can be at peace. Sometimes we need to know things to plan, to prepare, to participate. But we don't need to know in order to have peace.
Knowing is not security.",
,6]20/2026,"""And I knew adults, too, are someone's child, and they need a hug, and they get faced with Herculean tasks that seem, on the surface, mundane and silly, and yet those will break you most..."" - Jean-Marie Valheur",
,6/21/2026,"Since it is so likely that children will meet cruel enemies, let them at least have heard of brave knights and heroic courage."" -C.S. Lewis",
,6/22/2026,"Socialism is an alternative to capitalism as potassium cyanide is an alternative to water.
-Margot Robbie",
,6/23/2026,Better to admit you walked through the wrong door than spend your life in the wrong room.,
,6/24/2026,Short cuts make long delays -Pippin,
,6/25/2026,"Nobody has a more sacred obligation to obey the law than those who make the law
~ Jean Anouilh",
,6/26/2026,"Time is the only currency you spend without knowing the balance. Use it wisely.
-Nicholas John",
,6/27/2026,"""Success lies in relentless execution of the basics.""
Leonardo da Vinci",
,6/28/2026,Victory comes from finding opportunities in problems. -Sun Tzu,
8/22/2026,6/29/2026,"""The most important decision you make is to be in a good mood.""
- Voltaire",
,6/30/2026,"The wise man is hated in every age because he refuses to pretend the emperor is clothed.
- Socrates",
,7/1/2026,"I much prefer the sharpest criticism of a single intelligent man to the thoughtless approval of the masses.

Johannes Kepler",
8/25/2026,7/2/2026,"""The man who loves walking will walk further than the man who loves the destination.
""",
,7/3/2026,"""Success lies in relentless execution of the basics.""
Leonardo da Vinci",
,7/5/2026,"""A man who fears suffering is already suffering from what he fears.""
-Montaigne",
,7/13/2026,"Some women are more moth than butterfly unveiling their painted wings in the moonlight where only someone who isn't afraid
to enter the darkness is worthy to adore them.
 
- Amanda Celek",
,7/14/2026,"You are what you do, not what you say you’ll do – Carl Jung",
8/20/2026,7/15/2026,"School creates employees, curiosity creates masters. A grade is just a measure of how well you can obey instructions. Do not confuse memorizing the map with knowing the territory."" -Mark Twain",
,7/16/2026,"""The most terrifying freedom is discovering that even your suffering is your own fault.""
- Fyodor Dostoevsky",
,7/17/2026,"It is easier to find men who will volunteer to die, than to find those who are willing to endure pain with patience.”

― Julius Caesar",
,7/19/2026,"""Sadness is caused by intelligence. The more you understand certain things, the more you wish you didn't understand them""

-Charles Bukowski",
,7/20/2026,"Justice delayed is justice denied.
William E. Gladstone",
,7/21/2026,"Morning is wonderful. Its only drawback is that it comes at such an inconvenient time of day.”
– Glen Cook",
,7/22/2026,"Every single day I wake up and make up my mind that I am going to work really hard. Then my mind laughs at me and says ‘Good joke.’ Then we laugh for some more time and I go back to bed.”
– Gehenna Toss",
,7/23/2026,"What irritates me most of all about these morning people is their horribly good temper, as if they have been up for three hours and already conquered France.”
– Timur Vermes",
,8/2/2026,"There are two ways of waking up in the morning. One is to say, ‘Good morning, God,’ and the other is to say, ‘Good God, morning’!”
– Fulton J. Sheen

",
,8/8/2026,"Progress isn’t made by early risers. It’s made by lazy men trying to find easier ways to do something.”
– Robert Heinlein",
,,"I like work; it fascinates me. I can sit and look at it for hours.”
– Jerome K. Jerome",
,7/27/2026,"When life gives you Monday, dip it in glitter and sparkle all day.”
– Ella Woodward",
,7/24/2026,"Meetings: None of us is as dumb as all of us.”
– Dave Barry",
,7/28/2026,"Some mornings I wake up grumpy. And some mornings I just let her sleep.”
– Unknown",
,7/30/2026,"I would rather wake up in the middle of nowhere than in any city on earth.”
– Steve McQueen",
,7/29/2026,"I believe humans get a lot done, not because we’re smart, but because we have thumbs so we can make coffee.”
– Flash Rosenberg",
,7/31/2026,"Experience teaches only the teachable.”

― Aldous Huxley",
,8/1/2026,Every time you find some humor in a difficult situation you win -Snoopy,
,8/3/2026,"""When nothing in society deserves respect, we should fashion for ourselves in solitude new silent loyalties.
- Nicólas Gómez Dávila",
,8/5/2026,"""Most people are not just comfortable in their ignorance, but hostile to those who point it out""
Plato",
,8/4/2026,"The final test of freedom is this: can you remain the same person in praise, in insult, in gain, and in loss?
Seneca",
,8/6/2026,Words are spells. Do not speak falsities in order to please. Speak with power. Speak with truth.,
,8/7/2026,"Life is really simple, but we insist on making it complicated.

-Confucius",
,8/9/2026,"When an old person dies, it's as if a library burns down -African proverb ",
,8/20/2026,"Nothing is permanent in this wicked world - not even our troubles.

Charlie Chaplin",
,8/11/2026,"""The rights of man come not from the generosity of the state, but from the hand of God.""
- John F. Kennedy",
,8/14/2026,"""My God! How little do my countrymen know what precious blessings they are in possession of, and which no other people on earth enjoy!""
- Thomas Jefferson",
,8/12/2026,"""Freedom is the open window through which pours the sunlight of the human spirit and human dignity.""
- Herbert Hoover",
,8/16/2026,"""Liberty is meaningless where the right to utter one's thoughts and opinions has ceased to exist. That, of all rights, is the dread of tyrants. Thrones, dominions, principalities, and powers, founded in injustice and wrong, are sure to tremble if men: are allowed to reason.""
- Frederick Douglass",
,8:18/2026,"""I am an American; free born and free bred, where I acknowledge no man as my superior, except for his own worth, or as my inferior, except for his own demerit.""
- Theodore Roosevelt",
,8/15/2026,"""Time decides who you meet in life, your heart decides who you want in your life, and your behavior decides who stays in your life""",
,8/13/2026,"""you never have to do today again. You did today. Good job. It wasn't easy. Tomorrow may not be easy either, but at least it won't be today
",
,8/17/2026,"A bone to the dog is not charity. Charity is the bone shared with the dog, when you are just as hungry as the dog.”
― Jack London",
,8/19/2026,"Dogs have given us their absolute all. We are the center of their universe. We are the focus of their love and faith and trust. They serve us in return for scraps. It is without a doubt the best deal man has ever made. ”
― Roger Caras",
,8/20/2026,And what a privilege it is to be busy with the life you once imagined!,
,8:21/2026,"""Tell me every terrible thing you ever did, and let me love you
anyway.
-Edgar Allan Poe",
,8/22:2026,"You wanna fly, you got to give up the shit that weighs you down.”
― Toni Morrison",
,8/23/2026,"Any man who tries to be good all the time is bound to come to ruin among the great number who are not good.""

― Niccolò Machiavelli",
,8/24/2026,"""Sadness is caused by intelligence. The more you understand certain things, the more you wish you didn't understand them""
-Charles Bukowski",
,8/25/2026,"""I am not as mean as I would like to be and I wish people appreciated that more.""",
,8/26/2026,"""A peaceful man must still know violence, or his peace belongs to whoever threatens it.""
Miyamoto Musashi",
,,"When there is no vision, there is no hope."" -George Washington ",
8/27/2026,8/27/2026,"""If you see someone without a smile, give them yours""
- Dolly Parton",